country_sector,country,icio_sector
AGO_A01,AGO,A01
AGO_A02,AGO,A02
AGO_A03,AGO,A03
AGO_B05,AGO,B05
AGO_B06,AGO,B06
AGO_B07,AGO,B07
AGO_B08,AGO,B08
AGO_B09,AGO,B09
AGO_C10T12,AGO,C10T12
AGO_C13T15,AGO,C13T15
AGO_C16,AGO,C16
AGO_C17_18,AGO,C17_18
AGO_C19,AGO,C19
AGO_C20,AGO,C20
AGO_C21,AGO,C21
AGO_C22,AGO,C22
AGO_C23,AGO,C23
AGO_C24A,AGO,C24A
AGO_C24B,AGO,C24B
AGO_C25,AGO,C25
AGO_C26,AGO,C26
AGO_C27,AGO,C27
AGO_C28,AGO,C28
AGO_C29,AGO,C29
AGO_C301,AGO,C301
AGO_C302T309,AGO,C302T309
AGO_C31T33,AGO,C31T33
AGO_D,AGO,D
AGO_E,AGO,E
AGO_F,AGO,F
AGO_G,AGO,G
AGO_H49,AGO,H49
AGO_H50,AGO,H50
AGO_H51,AGO,H51
AGO_H52,AGO,H52
AGO_H53,AGO,H53
AGO_I,AGO,I
AGO_J58T60,AGO,J58T60
AGO_J61,AGO,J61
AGO_J62_63,AGO,J62_63
AGO_K,AGO,K
AGO_L,AGO,L
AGO_M,AGO,M
AGO_N,AGO,N
AGO_O,AGO,O
AGO_P,AGO,P
AGO_Q,AGO,Q
AGO_R,AGO,R
AGO_S,AGO,S
AGO_T,AGO,T
ARE_A01,ARE,A01
ARE_A02,ARE,A02
ARE_A03,ARE,A03
ARE_B05,ARE,B05
ARE_B06,ARE,B06
ARE_B07,ARE,B07
ARE_B08,ARE,B08
ARE_B09,ARE,B09
ARE_C10T12,ARE,C10T12
ARE_C13T15,ARE,C13T15
ARE_C16,ARE,C16
ARE_C17_18,ARE,C17_18
ARE_C19,ARE,C19
ARE_C20,ARE,C20
ARE_C21,ARE,C21
ARE_C22,ARE,C22
ARE_C23,ARE,C23
ARE_C24A,ARE,C24A
ARE_C24B,ARE,C24B
ARE_C25,ARE,C25
ARE_C26,ARE,C26
ARE_C27,ARE,C27
ARE_C28,ARE,C28
ARE_C29,ARE,C29
ARE_C301,ARE,C301
ARE_C302T309,ARE,C302T309
ARE_C31T33,ARE,C31T33
ARE_D,ARE,D
ARE_E,ARE,E
ARE_F,ARE,F
ARE_G,ARE,G
ARE_H49,ARE,H49
ARE_H50,ARE,H50
ARE_H51,ARE,H51
ARE_H52,ARE,H52
ARE_H53,ARE,H53
ARE_I,ARE,I
ARE_J58T60,ARE,J58T60
ARE_J61,ARE,J61
ARE_J62_63,ARE,J62_63
ARE_K,ARE,K
ARE_L,ARE,L
ARE_M,ARE,M
ARE_N,ARE,N
ARE_O,ARE,O
ARE_P,ARE,P
ARE_Q,ARE,Q
ARE_R,ARE,R
ARE_S,ARE,S
ARE_T,ARE,T
ARG_A01,ARG,A01
ARG_A02,ARG,A02
ARG_A03,ARG,A03
ARG_B05,ARG,B05
ARG_B06,ARG,B06
ARG_B07,ARG,B07
ARG_B08,ARG,B08
ARG_B09,ARG,B09
ARG_C10T12,ARG,C10T12
ARG_C13T15,ARG,C13T15
ARG_C16,ARG,C16
ARG_C17_18,ARG,C17_18
ARG_C19,ARG,C19
ARG_C20,ARG,C20
ARG_C21,ARG,C21
ARG_C22,ARG,C22
ARG_C23,ARG,C23
ARG_C24A,ARG,C24A
ARG_C24B,ARG,C24B
ARG_C25,ARG,C25
ARG_C26,ARG,C26
ARG_C27,ARG,C27
ARG_C28,ARG,C28
ARG_C29,ARG,C29
ARG_C301,ARG,C301
ARG_C302T309,ARG,C302T309
ARG_C31T33,ARG,C31T33
ARG_D,ARG,D
ARG_E,ARG,E
ARG_F,ARG,F
ARG_G,ARG,G
ARG_H49,ARG,H49
ARG_H50,ARG,H50
ARG_H51,ARG,H51
ARG_H52,ARG,H52
ARG_H53,ARG,H53
ARG_I,ARG,I
ARG_J58T60,ARG,J58T60
ARG_J61,ARG,J61
ARG_J62_63,ARG,J62_63
ARG_K,ARG,K
ARG_L,ARG,L
ARG_M,ARG,M
ARG_N,ARG,N
ARG_O,ARG,O
ARG_P,ARG,P
ARG_Q,ARG,Q
ARG_R,ARG,R
ARG_S,ARG,S
ARG_T,ARG,T
AUS_A01,AUS,A01
AUS_A02,AUS,A02
AUS_A03,AUS,A03
AUS_B05,AUS,B05
AUS_B06,AUS,B06
AUS_B07,AUS,B07
AUS_B08,AUS,B08
AUS_B09,AUS,B09
AUS_C10T12,AUS,C10T12
AUS_C13T15,AUS,C13T15
AUS_C16,AUS,C16
AUS_C17_18,AUS,C17_18
AUS_C19,AUS,C19
AUS_C20,AUS,C20
AUS_C21,AUS,C21
AUS_C22,AUS,C22
AUS_C23,AUS,C23
AUS_C24A,AUS,C24A
AUS_C24B,AUS,C24B
AUS_C25,AUS,C25
AUS_C26,AUS,C26
AUS_C27,AUS,C27
AUS_C28,AUS,C28
AUS_C29,AUS,C29
AUS_C301,AUS,C301
AUS_C302T309,AUS,C302T309
AUS_C31T33,AUS,C31T33
AUS_D,AUS,D
AUS_E,AUS,E
AUS_F,AUS,F
AUS_G,AUS,G
AUS_H49,AUS,H49
AUS_H50,AUS,H50
AUS_H51,AUS,H51
AUS_H52,AUS,H52
AUS_H53,AUS,H53
AUS_I,AUS,I
AUS_J58T60,AUS,J58T60
AUS_J61,AUS,J61
AUS_J62_63,AUS,J62_63
AUS_K,AUS,K
AUS_L,AUS,L
AUS_M,AUS,M
AUS_N,AUS,N
AUS_O,AUS,O
AUS_P,AUS,P
AUS_Q,AUS,Q
AUS_R,AUS,R
AUS_S,AUS,S
AUS_T,AUS,T
AUT_A01,AUT,A01
AUT_A02,AUT,A02
AUT_A03,AUT,A03
AUT_B05,AUT,B05
AUT_B06,AUT,B06
AUT_B07,AUT,B07
AUT_B08,AUT,B08
AUT_B09,AUT,B09
AUT_C10T12,AUT,C10T12
AUT_C13T15,AUT,C13T15
AUT_C16,AUT,C16
AUT_C17_18,AUT,C17_18
AUT_C19,AUT,C19
AUT_C20,AUT,C20
AUT_C21,AUT,C21
AUT_C22,AUT,C22
AUT_C23,AUT,C23
AUT_C24A,AUT,C24A
AUT_C24B,AUT,C24B
AUT_C25,AUT,C25
AUT_C26,AUT,C26
AUT_C27,AUT,C27
AUT_C28,AUT,C28
AUT_C29,AUT,C29
AUT_C301,AUT,C301
AUT_C302T309,AUT,C302T309
AUT_C31T33,AUT,C31T33
AUT_D,AUT,D
AUT_E,AUT,E
AUT_F,AUT,F
AUT_G,AUT,G
AUT_H49,AUT,H49
AUT_H50,AUT,H50
AUT_H51,AUT,H51
AUT_H52,AUT,H52
AUT_H53,AUT,H53
AUT_I,AUT,I
AUT_J58T60,AUT,J58T60
AUT_J61,AUT,J61
AUT_J62_63,AUT,J62_63
AUT_K,AUT,K
AUT_L,AUT,L
AUT_M,AUT,M
AUT_N,AUT,N
AUT_O,AUT,O
AUT_P,AUT,P
AUT_Q,AUT,Q
AUT_R,AUT,R
AUT_S,AUT,S
AUT_T,AUT,T
BEL_A01,BEL,A01
BEL_A02,BEL,A02
BEL_A03,BEL,A03
BEL_B05,BEL,B05
BEL_B06,BEL,B06
BEL_B07,BEL,B07
BEL_B08,BEL,B08
BEL_B09,BEL,B09
BEL_C10T12,BEL,C10T12
BEL_C13T15,BEL,C13T15
BEL_C16,BEL,C16
BEL_C17_18,BEL,C17_18
BEL_C19,BEL,C19
BEL_C20,BEL,C20
BEL_C21,BEL,C21
BEL_C22,BEL,C22
BEL_C23,BEL,C23
BEL_C24A,BEL,C24A
BEL_C24B,BEL,C24B
BEL_C25,BEL,C25
BEL_C26,BEL,C26
BEL_C27,BEL,C27
BEL_C28,BEL,C28
BEL_C29,BEL,C29
BEL_C301,BEL,C301
BEL_C302T309,BEL,C302T309
BEL_C31T33,BEL,C31T33
BEL_D,BEL,D
BEL_E,BEL,E
BEL_F,BEL,F
BEL_G,BEL,G
BEL_H49,BEL,H49
BEL_H50,BEL,H50
BEL_H51,BEL,H51
BEL_H52,BEL,H52
BEL_H53,BEL,H53
BEL_I,BEL,I
BEL_J58T60,BEL,J58T60
BEL_J61,BEL,J61
BEL_J62_63,BEL,J62_63
BEL_K,BEL,K
BEL_L,BEL,L
BEL_M,BEL,M
BEL_N,BEL,N
BEL_O,BEL,O
BEL_P,BEL,P
BEL_Q,BEL,Q
BEL_R,BEL,R
BEL_S,BEL,S
BEL_T,BEL,T
BGD_A01,BGD,A01
BGD_A02,BGD,A02
BGD_A03,BGD,A03
BGD_B05,BGD,B05
BGD_B06,BGD,B06
BGD_B07,BGD,B07
BGD_B08,BGD,B08
BGD_B09,BGD,B09
BGD_C10T12,BGD,C10T12
BGD_C13T15,BGD,C13T15
BGD_C16,BGD,C16
BGD_C17_18,BGD,C17_18
BGD_C19,BGD,C19
BGD_C20,BGD,C20
BGD_C21,BGD,C21
BGD_C22,BGD,C22
BGD_C23,BGD,C23
BGD_C24A,BGD,C24A
BGD_C24B,BGD,C24B
BGD_C25,BGD,C25
BGD_C26,BGD,C26
BGD_C27,BGD,C27
BGD_C28,BGD,C28
BGD_C29,BGD,C29
BGD_C301,BGD,C301
BGD_C302T309,BGD,C302T309
BGD_C31T33,BGD,C31T33
BGD_D,BGD,D
BGD_E,BGD,E
BGD_F,BGD,F
BGD_G,BGD,G
BGD_H49,BGD,H49
BGD_H50,BGD,H50
BGD_H51,BGD,H51
BGD_H52,BGD,H52
BGD_H53,BGD,H53
BGD_I,BGD,I
BGD_J58T60,BGD,J58T60
BGD_J61,BGD,J61
BGD_J62_63,BGD,J62_63
BGD_K,BGD,K
BGD_L,BGD,L
BGD_M,BGD,M
BGD_N,BGD,N
BGD_O,BGD,O
BGD_P,BGD,P
BGD_Q,BGD,Q
BGD_R,BGD,R
BGD_S,BGD,S
BGD_T,BGD,T
BGR_A01,BGR,A01
BGR_A02,BGR,A02
BGR_A03,BGR,A03
BGR_B05,BGR,B05
BGR_B06,BGR,B06
BGR_B07,BGR,B07
BGR_B08,BGR,B08
BGR_B09,BGR,B09
BGR_C10T12,BGR,C10T12
BGR_C13T15,BGR,C13T15
BGR_C16,BGR,C16
BGR_C17_18,BGR,C17_18
BGR_C19,BGR,C19
BGR_C20,BGR,C20
BGR_C21,BGR,C21
BGR_C22,BGR,C22
BGR_C23,BGR,C23
BGR_C24A,BGR,C24A
BGR_C24B,BGR,C24B
BGR_C25,BGR,C25
BGR_C26,BGR,C26
BGR_C27,BGR,C27
BGR_C28,BGR,C28
BGR_C29,BGR,C29
BGR_C301,BGR,C301
BGR_C302T309,BGR,C302T309
BGR_C31T33,BGR,C31T33
BGR_D,BGR,D
BGR_E,BGR,E
BGR_F,BGR,F
BGR_G,BGR,G
BGR_H49,BGR,H49
BGR_H50,BGR,H50
BGR_H51,BGR,H51
BGR_H52,BGR,H52
BGR_H53,BGR,H53
BGR_I,BGR,I
BGR_J58T60,BGR,J58T60
BGR_J61,BGR,J61
BGR_J62_63,BGR,J62_63
BGR_K,BGR,K
BGR_L,BGR,L
BGR_M,BGR,M
BGR_N,BGR,N
BGR_O,BGR,O
BGR_P,BGR,P
BGR_Q,BGR,Q
BGR_R,BGR,R
BGR_S,BGR,S
BGR_T,BGR,T
BLR_A01,BLR,A01
BLR_A02,BLR,A02
BLR_A03,BLR,A03
BLR_B05,BLR,B05
BLR_B06,BLR,B06
BLR_B07,BLR,B07
BLR_B08,BLR,B08
BLR_B09,BLR,B09
BLR_C10T12,BLR,C10T12
BLR_C13T15,BLR,C13T15
BLR_C16,BLR,C16
BLR_C17_18,BLR,C17_18
BLR_C19,BLR,C19
BLR_C20,BLR,C20
BLR_C21,BLR,C21
BLR_C22,BLR,C22
BLR_C23,BLR,C23
BLR_C24A,BLR,C24A
BLR_C24B,BLR,C24B
BLR_C25,BLR,C25
BLR_C26,BLR,C26
BLR_C27,BLR,C27
BLR_C28,BLR,C28
BLR_C29,BLR,C29
BLR_C301,BLR,C301
BLR_C302T309,BLR,C302T309
BLR_C31T33,BLR,C31T33
BLR_D,BLR,D
BLR_E,BLR,E
BLR_F,BLR,F
BLR_G,BLR,G
BLR_H49,BLR,H49
BLR_H50,BLR,H50
BLR_H51,BLR,H51
BLR_H52,BLR,H52
BLR_H53,BLR,H53
BLR_I,BLR,I
BLR_J58T60,BLR,J58T60
BLR_J61,BLR,J61
BLR_J62_63,BLR,J62_63
BLR_K,BLR,K
BLR_L,BLR,L
BLR_M,BLR,M
BLR_N,BLR,N
BLR_O,BLR,O
BLR_P,BLR,P
BLR_Q,BLR,Q
BLR_R,BLR,R
BLR_S,BLR,S
BLR_T,BLR,T
BRA_A01,BRA,A01
BRA_A02,BRA,A02
BRA_A03,BRA,A03
BRA_B05,BRA,B05
BRA_B06,BRA,B06
BRA_B07,BRA,B07
BRA_B08,BRA,B08
BRA_B09,BRA,B09
BRA_C10T12,BRA,C10T12
BRA_C13T15,BRA,C13T15
BRA_C16,BRA,C16
BRA_C17_18,BRA,C17_18
BRA_C19,BRA,C19
BRA_C20,BRA,C20
BRA_C21,BRA,C21
BRA_C22,BRA,C22
BRA_C23,BRA,C23
BRA_C24A,BRA,C24A
BRA_C24B,BRA,C24B
BRA_C25,BRA,C25
BRA_C26,BRA,C26
BRA_C27,BRA,C27
BRA_C28,BRA,C28
BRA_C29,BRA,C29
BRA_C301,BRA,C301
BRA_C302T309,BRA,C302T309
BRA_C31T33,BRA,C31T33
BRA_D,BRA,D
BRA_E,BRA,E
BRA_F,BRA,F
BRA_G,BRA,G
BRA_H49,BRA,H49
BRA_H50,BRA,H50
BRA_H51,BRA,H51
BRA_H52,BRA,H52
BRA_H53,BRA,H53
BRA_I,BRA,I
BRA_J58T60,BRA,J58T60
BRA_J61,BRA,J61
BRA_J62_63,BRA,J62_63
BRA_K,BRA,K
BRA_L,BRA,L
BRA_M,BRA,M
BRA_N,BRA,N
BRA_O,BRA,O
BRA_P,BRA,P
BRA_Q,BRA,Q
BRA_R,BRA,R
BRA_S,BRA,S
BRA_T,BRA,T
BRN_A01,BRN,A01
BRN_A02,BRN,A02
BRN_A03,BRN,A03
BRN_B05,BRN,B05
BRN_B06,BRN,B06
BRN_B07,BRN,B07
BRN_B08,BRN,B08
BRN_B09,BRN,B09
BRN_C10T12,BRN,C10T12
BRN_C13T15,BRN,C13T15
BRN_C16,BRN,C16
BRN_C17_18,BRN,C17_18
BRN_C19,BRN,C19
BRN_C20,BRN,C20
BRN_C21,BRN,C21
BRN_C22,BRN,C22
BRN_C23,BRN,C23
BRN_C24A,BRN,C24A
BRN_C24B,BRN,C24B
BRN_C25,BRN,C25
BRN_C26,BRN,C26
BRN_C27,BRN,C27
BRN_C28,BRN,C28
BRN_C29,BRN,C29
BRN_C301,BRN,C301
BRN_C302T309,BRN,C302T309
BRN_C31T33,BRN,C31T33
BRN_D,BRN,D
BRN_E,BRN,E
BRN_F,BRN,F
BRN_G,BRN,G
BRN_H49,BRN,H49
BRN_H50,BRN,H50
BRN_H51,BRN,H51
BRN_H52,BRN,H52
BRN_H53,BRN,H53
BRN_I,BRN,I
BRN_J58T60,BRN,J58T60
BRN_J61,BRN,J61
BRN_J62_63,BRN,J62_63
BRN_K,BRN,K
BRN_L,BRN,L
BRN_M,BRN,M
BRN_N,BRN,N
BRN_O,BRN,O
BRN_P,BRN,P
BRN_Q,BRN,Q
BRN_R,BRN,R
BRN_S,BRN,S
BRN_T,BRN,T
CAN_A01,CAN,A01
CAN_A02,CAN,A02
CAN_A03,CAN,A03
CAN_B05,CAN,B05
CAN_B06,CAN,B06
CAN_B07,CAN,B07
CAN_B08,CAN,B08
CAN_B09,CAN,B09
CAN_C10T12,CAN,C10T12
CAN_C13T15,CAN,C13T15
CAN_C16,CAN,C16
CAN_C17_18,CAN,C17_18
CAN_C19,CAN,C19
CAN_C20,CAN,C20
CAN_C21,CAN,C21
CAN_C22,CAN,C22
CAN_C23,CAN,C23
CAN_C24A,CAN,C24A
CAN_C24B,CAN,C24B
CAN_C25,CAN,C25
CAN_C26,CAN,C26
CAN_C27,CAN,C27
CAN_C28,CAN,C28
CAN_C29,CAN,C29
CAN_C301,CAN,C301
CAN_C302T309,CAN,C302T309
CAN_C31T33,CAN,C31T33
CAN_D,CAN,D
CAN_E,CAN,E
CAN_F,CAN,F
CAN_G,CAN,G
CAN_H49,CAN,H49
CAN_H50,CAN,H50
CAN_H51,CAN,H51
CAN_H52,CAN,H52
CAN_H53,CAN,H53
CAN_I,CAN,I
CAN_J58T60,CAN,J58T60
CAN_J61,CAN,J61
CAN_J62_63,CAN,J62_63
CAN_K,CAN,K
CAN_L,CAN,L
CAN_M,CAN,M
CAN_N,CAN,N
CAN_O,CAN,O
CAN_P,CAN,P
CAN_Q,CAN,Q
CAN_R,CAN,R
CAN_S,CAN,S
CAN_T,CAN,T
CHE_A01,CHE,A01
CHE_A02,CHE,A02
CHE_A03,CHE,A03
CHE_B05,CHE,B05
CHE_B06,CHE,B06
CHE_B07,CHE,B07
CHE_B08,CHE,B08
CHE_B09,CHE,B09
CHE_C10T12,CHE,C10T12
CHE_C13T15,CHE,C13T15
CHE_C16,CHE,C16
CHE_C17_18,CHE,C17_18
CHE_C19,CHE,C19
CHE_C20,CHE,C20
CHE_C21,CHE,C21
CHE_C22,CHE,C22
CHE_C23,CHE,C23
CHE_C24A,CHE,C24A
CHE_C24B,CHE,C24B
CHE_C25,CHE,C25
CHE_C26,CHE,C26
CHE_C27,CHE,C27
CHE_C28,CHE,C28
CHE_C29,CHE,C29
CHE_C301,CHE,C301
CHE_C302T309,CHE,C302T309
CHE_C31T33,CHE,C31T33
CHE_D,CHE,D
CHE_E,CHE,E
CHE_F,CHE,F
CHE_G,CHE,G
CHE_H49,CHE,H49
CHE_H50,CHE,H50
CHE_H51,CHE,H51
CHE_H52,CHE,H52
CHE_H53,CHE,H53
CHE_I,CHE,I
CHE_J58T60,CHE,J58T60
CHE_J61,CHE,J61
CHE_J62_63,CHE,J62_63
CHE_K,CHE,K
CHE_L,CHE,L
CHE_M,CHE,M
CHE_N,CHE,N
CHE_O,CHE,O
CHE_P,CHE,P
CHE_Q,CHE,Q
CHE_R,CHE,R
CHE_S,CHE,S
CHE_T,CHE,T
CHL_A01,CHL,A01
CHL_A02,CHL,A02
CHL_A03,CHL,A03
CHL_B05,CHL,B05
CHL_B06,CHL,B06
CHL_B07,CHL,B07
CHL_B08,CHL,B08
CHL_B09,CHL,B09
CHL_C10T12,CHL,C10T12
CHL_C13T15,CHL,C13T15
CHL_C16,CHL,C16
CHL_C17_18,CHL,C17_18
CHL_C19,CHL,C19
CHL_C20,CHL,C20
CHL_C21,CHL,C21
CHL_C22,CHL,C22
CHL_C23,CHL,C23
CHL_C24A,CHL,C24A
CHL_C24B,CHL,C24B
CHL_C25,CHL,C25
CHL_C26,CHL,C26
CHL_C27,CHL,C27
CHL_C28,CHL,C28
CHL_C29,CHL,C29
CHL_C301,CHL,C301
CHL_C302T309,CHL,C302T309
CHL_C31T33,CHL,C31T33
CHL_D,CHL,D
CHL_E,CHL,E
CHL_F,CHL,F
CHL_G,CHL,G
CHL_H49,CHL,H49
CHL_H50,CHL,H50
CHL_H51,CHL,H51
CHL_H52,CHL,H52
CHL_H53,CHL,H53
CHL_I,CHL,I
CHL_J58T60,CHL,J58T60
CHL_J61,CHL,J61
CHL_J62_63,CHL,J62_63
CHL_K,CHL,K
CHL_L,CHL,L
CHL_M,CHL,M
CHL_N,CHL,N
CHL_O,CHL,O
CHL_P,CHL,P
CHL_Q,CHL,Q
CHL_R,CHL,R
CHL_S,CHL,S
CHL_T,CHL,T
CHN_A01,CHN,A01
CHN_A02,CHN,A02
CHN_A03,CHN,A03
CHN_B05,CHN,B05
CHN_B06,CHN,B06
CHN_B07,CHN,B07
CHN_B08,CHN,B08
CHN_B09,CHN,B09
CHN_C10T12,CHN,C10T12
CHN_C13T15,CHN,C13T15
CHN_C16,CHN,C16
CHN_C17_18,CHN,C17_18
CHN_C19,CHN,C19
CHN_C20,CHN,C20
CHN_C21,CHN,C21
CHN_C22,CHN,C22
CHN_C23,CHN,C23
CHN_C24A,CHN,C24A
CHN_C24B,CHN,C24B
CHN_C25,CHN,C25
CHN_C26,CHN,C26
CHN_C27,CHN,C27
CHN_C28,CHN,C28
CHN_C29,CHN,C29
CHN_C301,CHN,C301
CHN_C302T309,CHN,C302T309
CHN_C31T33,CHN,C31T33
CHN_D,CHN,D
CHN_E,CHN,E
CHN_F,CHN,F
CHN_G,CHN,G
CHN_H49,CHN,H49
CHN_H50,CHN,H50
CHN_H51,CHN,H51
CHN_H52,CHN,H52
CHN_H53,CHN,H53
CHN_I,CHN,I
CHN_J58T60,CHN,J58T60
CHN_J61,CHN,J61
CHN_J62_63,CHN,J62_63
CHN_K,CHN,K
CHN_L,CHN,L
CHN_M,CHN,M
CHN_N,CHN,N
CHN_O,CHN,O
CHN_P,CHN,P
CHN_Q,CHN,Q
CHN_R,CHN,R
CHN_S,CHN,S
CHN_T,CHN,T
CIV_A01,CIV,A01
CIV_A02,CIV,A02
CIV_A03,CIV,A03
CIV_B05,CIV,B05
CIV_B06,CIV,B06
CIV_B07,CIV,B07
CIV_B08,CIV,B08
CIV_B09,CIV,B09
CIV_C10T12,CIV,C10T12
CIV_C13T15,CIV,C13T15
CIV_C16,CIV,C16
CIV_C17_18,CIV,C17_18
CIV_C19,CIV,C19
CIV_C20,CIV,C20
CIV_C21,CIV,C21
CIV_C22,CIV,C22
CIV_C23,CIV,C23
CIV_C24A,CIV,C24A
CIV_C24B,CIV,C24B
CIV_C25,CIV,C25
CIV_C26,CIV,C26
CIV_C27,CIV,C27
CIV_C28,CIV,C28
CIV_C29,CIV,C29
CIV_C301,CIV,C301
CIV_C302T309,CIV,C302T309
CIV_C31T33,CIV,C31T33
CIV_D,CIV,D
CIV_E,CIV,E
CIV_F,CIV,F
CIV_G,CIV,G
CIV_H49,CIV,H49
CIV_H50,CIV,H50
CIV_H51,CIV,H51
CIV_H52,CIV,H52
CIV_H53,CIV,H53
CIV_I,CIV,I
CIV_J58T60,CIV,J58T60
CIV_J61,CIV,J61
CIV_J62_63,CIV,J62_63
CIV_K,CIV,K
CIV_L,CIV,L
CIV_M,CIV,M
CIV_N,CIV,N
CIV_O,CIV,O
CIV_P,CIV,P
CIV_Q,CIV,Q
CIV_R,CIV,R
CIV_S,CIV,S
CIV_T,CIV,T
CMR_A01,CMR,A01
CMR_A02,CMR,A02
CMR_A03,CMR,A03
CMR_B05,CMR,B05
CMR_B06,CMR,B06
CMR_B07,CMR,B07
CMR_B08,CMR,B08
CMR_B09,CMR,B09
CMR_C10T12,CMR,C10T12
CMR_C13T15,CMR,C13T15
CMR_C16,CMR,C16
CMR_C17_18,CMR,C17_18
CMR_C19,CMR,C19
CMR_C20,CMR,C20
CMR_C21,CMR,C21
CMR_C22,CMR,C22
CMR_C23,CMR,C23
CMR_C24A,CMR,C24A
CMR_C24B,CMR,C24B
CMR_C25,CMR,C25
CMR_C26,CMR,C26
CMR_C27,CMR,C27
CMR_C28,CMR,C28
CMR_C29,CMR,C29
CMR_C301,CMR,C301
CMR_C302T309,CMR,C302T309
CMR_C31T33,CMR,C31T33
CMR_D,CMR,D
CMR_E,CMR,E
CMR_F,CMR,F
CMR_G,CMR,G
CMR_H49,CMR,H49
CMR_H50,CMR,H50
CMR_H51,CMR,H51
CMR_H52,CMR,H52
CMR_H53,CMR,H53
CMR_I,CMR,I
CMR_J58T60,CMR,J58T60
CMR_J61,CMR,J61
CMR_J62_63,CMR,J62_63
CMR_K,CMR,K
CMR_L,CMR,L
CMR_M,CMR,M
CMR_N,CMR,N
CMR_O,CMR,O
CMR_P,CMR,P
CMR_Q,CMR,Q
CMR_R,CMR,R
CMR_S,CMR,S
CMR_T,CMR,T
COD_A01,COD,A01
COD_A02,COD,A02
COD_A03,COD,A03
COD_B05,COD,B05
COD_B06,COD,B06
COD_B07,COD,B07
COD_B08,COD,B08
COD_B09,COD,B09
COD_C10T12,COD,C10T12
COD_C13T15,COD,C13T15
COD_C16,COD,C16
COD_C17_18,COD,C17_18
COD_C19,COD,C19
COD_C20,COD,C20
COD_C21,COD,C21
COD_C22,COD,C22
COD_C23,COD,C23
COD_C24A,COD,C24A
COD_C24B,COD,C24B
COD_C25,COD,C25
COD_C26,COD,C26
COD_C27,COD,C27
COD_C28,COD,C28
COD_C29,COD,C29
COD_C301,COD,C301
COD_C302T309,COD,C302T309
COD_C31T33,COD,C31T33
COD_D,COD,D
COD_E,COD,E
COD_F,COD,F
COD_G,COD,G
COD_H49,COD,H49
COD_H50,COD,H50
COD_H51,COD,H51
COD_H52,COD,H52
COD_H53,COD,H53
COD_I,COD,I
COD_J58T60,COD,J58T60
COD_J61,COD,J61
COD_J62_63,COD,J62_63
COD_K,COD,K
COD_L,COD,L
COD_M,COD,M
COD_N,COD,N
COD_O,COD,O
COD_P,COD,P
COD_Q,COD,Q
COD_R,COD,R
COD_S,COD,S
COD_T,COD,T
COL_A01,COL,A01
COL_A02,COL,A02
COL_A03,COL,A03
COL_B05,COL,B05
COL_B06,COL,B06
COL_B07,COL,B07
COL_B08,COL,B08
COL_B09,COL,B09
COL_C10T12,COL,C10T12
COL_C13T15,COL,C13T15
COL_C16,COL,C16
COL_C17_18,COL,C17_18
COL_C19,COL,C19
COL_C20,COL,C20
COL_C21,COL,C21
COL_C22,COL,C22
COL_C23,COL,C23
COL_C24A,COL,C24A
COL_C24B,COL,C24B
COL_C25,COL,C25
COL_C26,COL,C26
COL_C27,COL,C27
COL_C28,COL,C28
COL_C29,COL,C29
COL_C301,COL,C301
COL_C302T309,COL,C302T309
COL_C31T33,COL,C31T33
COL_D,COL,D
COL_E,COL,E
COL_F,COL,F
COL_G,COL,G
COL_H49,COL,H49
COL_H50,COL,H50
COL_H51,COL,H51
COL_H52,COL,H52
COL_H53,COL,H53
COL_I,COL,I
COL_J58T60,COL,J58T60
COL_J61,COL,J61
COL_J62_63,COL,J62_63
COL_K,COL,K
COL_L,COL,L
COL_M,COL,M
COL_N,COL,N
COL_O,COL,O
COL_P,COL,P
COL_Q,COL,Q
COL_R,COL,R
COL_S,COL,S
COL_T,COL,T
CRI_A01,CRI,A01
CRI_A02,CRI,A02
CRI_A03,CRI,A03
CRI_B05,CRI,B05
CRI_B06,CRI,B06
CRI_B07,CRI,B07
CRI_B08,CRI,B08
CRI_B09,CRI,B09
CRI_C10T12,CRI,C10T12
CRI_C13T15,CRI,C13T15
CRI_C16,CRI,C16
CRI_C17_18,CRI,C17_18
CRI_C19,CRI,C19
CRI_C20,CRI,C20
CRI_C21,CRI,C21
CRI_C22,CRI,C22
CRI_C23,CRI,C23
CRI_C24A,CRI,C24A
CRI_C24B,CRI,C24B
CRI_C25,CRI,C25
CRI_C26,CRI,C26
CRI_C27,CRI,C27
CRI_C28,CRI,C28
CRI_C29,CRI,C29
CRI_C301,CRI,C301
CRI_C302T309,CRI,C302T309
CRI_C31T33,CRI,C31T33
CRI_D,CRI,D
CRI_E,CRI,E
CRI_F,CRI,F
CRI_G,CRI,G
CRI_H49,CRI,H49
CRI_H50,CRI,H50
CRI_H51,CRI,H51
CRI_H52,CRI,H52
CRI_H53,CRI,H53
CRI_I,CRI,I
CRI_J58T60,CRI,J58T60
CRI_J61,CRI,J61
CRI_J62_63,CRI,J62_63
CRI_K,CRI,K
CRI_L,CRI,L
CRI_M,CRI,M
CRI_N,CRI,N
CRI_O,CRI,O
CRI_P,CRI,P
CRI_Q,CRI,Q
CRI_R,CRI,R
CRI_S,CRI,S
CRI_T,CRI,T
CYP_A01,CYP,A01
CYP_A02,CYP,A02
CYP_A03,CYP,A03
CYP_B05,CYP,B05
CYP_B06,CYP,B06
CYP_B07,CYP,B07
CYP_B08,CYP,B08
CYP_B09,CYP,B09
CYP_C10T12,CYP,C10T12
CYP_C13T15,CYP,C13T15
CYP_C16,CYP,C16
CYP_C17_18,CYP,C17_18
CYP_C19,CYP,C19
CYP_C20,CYP,C20
CYP_C21,CYP,C21
CYP_C22,CYP,C22
CYP_C23,CYP,C23
CYP_C24A,CYP,C24A
CYP_C24B,CYP,C24B
CYP_C25,CYP,C25
CYP_C26,CYP,C26
CYP_C27,CYP,C27
CYP_C28,CYP,C28
CYP_C29,CYP,C29
CYP_C301,CYP,C301
CYP_C302T309,CYP,C302T309
CYP_C31T33,CYP,C31T33
CYP_D,CYP,D
CYP_E,CYP,E
CYP_F,CYP,F
CYP_G,CYP,G
CYP_H49,CYP,H49
CYP_H50,CYP,H50
CYP_H51,CYP,H51
CYP_H52,CYP,H52
CYP_H53,CYP,H53
CYP_I,CYP,I
CYP_J58T60,CYP,J58T60
CYP_J61,CYP,J61
CYP_J62_63,CYP,J62_63
CYP_K,CYP,K
CYP_L,CYP,L
CYP_M,CYP,M
CYP_N,CYP,N
CYP_O,CYP,O
CYP_P,CYP,P
CYP_Q,CYP,Q
CYP_R,CYP,R
CYP_S,CYP,S
CYP_T,CYP,T
CZE_A01,CZE,A01
CZE_A02,CZE,A02
CZE_A03,CZE,A03
CZE_B05,CZE,B05
CZE_B06,CZE,B06
CZE_B07,CZE,B07
CZE_B08,CZE,B08
CZE_B09,CZE,B09
CZE_C10T12,CZE,C10T12
CZE_C13T15,CZE,C13T15
CZE_C16,CZE,C16
CZE_C17_18,CZE,C17_18
CZE_C19,CZE,C19
CZE_C20,CZE,C20
CZE_C21,CZE,C21
CZE_C22,CZE,C22
CZE_C23,CZE,C23
CZE_C24A,CZE,C24A
CZE_C24B,CZE,C24B
CZE_C25,CZE,C25
CZE_C26,CZE,C26
CZE_C27,CZE,C27
CZE_C28,CZE,C28
CZE_C29,CZE,C29
CZE_C301,CZE,C301
CZE_C302T309,CZE,C302T309
CZE_C31T33,CZE,C31T33
CZE_D,CZE,D
CZE_E,CZE,E
CZE_F,CZE,F
CZE_G,CZE,G
CZE_H49,CZE,H49
CZE_H50,CZE,H50
CZE_H51,CZE,H51
CZE_H52,CZE,H52
CZE_H53,CZE,H53
CZE_I,CZE,I
CZE_J58T60,CZE,J58T60
CZE_J61,CZE,J61
CZE_J62_63,CZE,J62_63
CZE_K,CZE,K
CZE_L,CZE,L
CZE_M,CZE,M
CZE_N,CZE,N
CZE_O,CZE,O
CZE_P,CZE,P
CZE_Q,CZE,Q
CZE_R,CZE,R
CZE_S,CZE,S
CZE_T,CZE,T
DEU_A01,DEU,A01
DEU_A02,DEU,A02
DEU_A03,DEU,A03
DEU_B05,DEU,B05
DEU_B06,DEU,B06
DEU_B07,DEU,B07
DEU_B08,DEU,B08
DEU_B09,DEU,B09
DEU_C10T12,DEU,C10T12
DEU_C13T15,DEU,C13T15
DEU_C16,DEU,C16
DEU_C17_18,DEU,C17_18
DEU_C19,DEU,C19
DEU_C20,DEU,C20
DEU_C21,DEU,C21
DEU_C22,DEU,C22
DEU_C23,DEU,C23
DEU_C24A,DEU,C24A
DEU_C24B,DEU,C24B
DEU_C25,DEU,C25
DEU_C26,DEU,C26
DEU_C27,DEU,C27
DEU_C28,DEU,C28
DEU_C29,DEU,C29
DEU_C301,DEU,C301
DEU_C302T309,DEU,C302T309
DEU_C31T33,DEU,C31T33
DEU_D,DEU,D
DEU_E,DEU,E
DEU_F,DEU,F
DEU_G,DEU,G
DEU_H49,DEU,H49
DEU_H50,DEU,H50
DEU_H51,DEU,H51
DEU_H52,DEU,H52
DEU_H53,DEU,H53
DEU_I,DEU,I
DEU_J58T60,DEU,J58T60
DEU_J61,DEU,J61
DEU_J62_63,DEU,J62_63
DEU_K,DEU,K
DEU_L,DEU,L
DEU_M,DEU,M
DEU_N,DEU,N
DEU_O,DEU,O
DEU_P,DEU,P
DEU_Q,DEU,Q
DEU_R,DEU,R
DEU_S,DEU,S
DEU_T,DEU,T
DNK_A01,DNK,A01
DNK_A02,DNK,A02
DNK_A03,DNK,A03
DNK_B05,DNK,B05
DNK_B06,DNK,B06
DNK_B07,DNK,B07
DNK_B08,DNK,B08
DNK_B09,DNK,B09
DNK_C10T12,DNK,C10T12
DNK_C13T15,DNK,C13T15
DNK_C16,DNK,C16
DNK_C17_18,DNK,C17_18
DNK_C19,DNK,C19
DNK_C20,DNK,C20
DNK_C21,DNK,C21
DNK_C22,DNK,C22
DNK_C23,DNK,C23
DNK_C24A,DNK,C24A
DNK_C24B,DNK,C24B
DNK_C25,DNK,C25
DNK_C26,DNK,C26
DNK_C27,DNK,C27
DNK_C28,DNK,C28
DNK_C29,DNK,C29
DNK_C301,DNK,C301
DNK_C302T309,DNK,C302T309
DNK_C31T33,DNK,C31T33
DNK_D,DNK,D
DNK_E,DNK,E
DNK_F,DNK,F
DNK_G,DNK,G
DNK_H49,DNK,H49
DNK_H50,DNK,H50
DNK_H51,DNK,H51
DNK_H52,DNK,H52
DNK_H53,DNK,H53
DNK_I,DNK,I
DNK_J58T60,DNK,J58T60
DNK_J61,DNK,J61
DNK_J62_63,DNK,J62_63
DNK_K,DNK,K
DNK_L,DNK,L
DNK_M,DNK,M
DNK_N,DNK,N
DNK_O,DNK,O
DNK_P,DNK,P
DNK_Q,DNK,Q
DNK_R,DNK,R
DNK_S,DNK,S
DNK_T,DNK,T
EGY_A01,EGY,A01
EGY_A02,EGY,A02
EGY_A03,EGY,A03
EGY_B05,EGY,B05
EGY_B06,EGY,B06
EGY_B07,EGY,B07
EGY_B08,EGY,B08
EGY_B09,EGY,B09
EGY_C10T12,EGY,C10T12
EGY_C13T15,EGY,C13T15
EGY_C16,EGY,C16
EGY_C17_18,EGY,C17_18
EGY_C19,EGY,C19
EGY_C20,EGY,C20
EGY_C21,EGY,C21
EGY_C22,EGY,C22
EGY_C23,EGY,C23
EGY_C24A,EGY,C24A
EGY_C24B,EGY,C24B
EGY_C25,EGY,C25
EGY_C26,EGY,C26
EGY_C27,EGY,C27
EGY_C28,EGY,C28
EGY_C29,EGY,C29
EGY_C301,EGY,C301
EGY_C302T309,EGY,C302T309
EGY_C31T33,EGY,C31T33
EGY_D,EGY,D
EGY_E,EGY,E
EGY_F,EGY,F
EGY_G,EGY,G
EGY_H49,EGY,H49
EGY_H50,EGY,H50
EGY_H51,EGY,H51
EGY_H52,EGY,H52
EGY_H53,EGY,H53
EGY_I,EGY,I
EGY_J58T60,EGY,J58T60
EGY_J61,EGY,J61
EGY_J62_63,EGY,J62_63
EGY_K,EGY,K
EGY_L,EGY,L
EGY_M,EGY,M
EGY_N,EGY,N
EGY_O,EGY,O
EGY_P,EGY,P
EGY_Q,EGY,Q
EGY_R,EGY,R
EGY_S,EGY,S
EGY_T,EGY,T
ESP_A01,ESP,A01
ESP_A02,ESP,A02
ESP_A03,ESP,A03
ESP_B05,ESP,B05
ESP_B06,ESP,B06
ESP_B07,ESP,B07
ESP_B08,ESP,B08
ESP_B09,ESP,B09
ESP_C10T12,ESP,C10T12
ESP_C13T15,ESP,C13T15
ESP_C16,ESP,C16
ESP_C17_18,ESP,C17_18
ESP_C19,ESP,C19
ESP_C20,ESP,C20
ESP_C21,ESP,C21
ESP_C22,ESP,C22
ESP_C23,ESP,C23
ESP_C24A,ESP,C24A
ESP_C24B,ESP,C24B
ESP_C25,ESP,C25
ESP_C26,ESP,C26
ESP_C27,ESP,C27
ESP_C28,ESP,C28
ESP_C29,ESP,C29
ESP_C301,ESP,C301
ESP_C302T309,ESP,C302T309
ESP_C31T33,ESP,C31T33
ESP_D,ESP,D
ESP_E,ESP,E
ESP_F,ESP,F
ESP_G,ESP,G
ESP_H49,ESP,H49
ESP_H50,ESP,H50
ESP_H51,ESP,H51
ESP_H52,ESP,H52
ESP_H53,ESP,H53
ESP_I,ESP,I
ESP_J58T60,ESP,J58T60
ESP_J61,ESP,J61
ESP_J62_63,ESP,J62_63
ESP_K,ESP,K
ESP_L,ESP,L
ESP_M,ESP,M
ESP_N,ESP,N
ESP_O,ESP,O
ESP_P,ESP,P
ESP_Q,ESP,Q
ESP_R,ESP,R
ESP_S,ESP,S
ESP_T,ESP,T
EST_A01,EST,A01
EST_A02,EST,A02
EST_A03,EST,A03
EST_B05,EST,B05
EST_B06,EST,B06
EST_B07,EST,B07
EST_B08,EST,B08
EST_B09,EST,B09
EST_C10T12,EST,C10T12
EST_C13T15,EST,C13T15
EST_C16,EST,C16
EST_C17_18,EST,C17_18
EST_C19,EST,C19
EST_C20,EST,C20
EST_C21,EST,C21
EST_C22,EST,C22
EST_C23,EST,C23
EST_C24A,EST,C24A
EST_C24B,EST,C24B
EST_C25,EST,C25
EST_C26,EST,C26
EST_C27,EST,C27
EST_C28,EST,C28
EST_C29,EST,C29
EST_C301,EST,C301
EST_C302T309,EST,C302T309
EST_C31T33,EST,C31T33
EST_D,EST,D
EST_E,EST,E
EST_F,EST,F
EST_G,EST,G
EST_H49,EST,H49
EST_H50,EST,H50
EST_H51,EST,H51
EST_H52,EST,H52
EST_H53,EST,H53
EST_I,EST,I
EST_J58T60,EST,J58T60
EST_J61,EST,J61
EST_J62_63,EST,J62_63
EST_K,EST,K
EST_L,EST,L
EST_M,EST,M
EST_N,EST,N
EST_O,EST,O
EST_P,EST,P
EST_Q,EST,Q
EST_R,EST,R
EST_S,EST,S
EST_T,EST,T
FIN_A01,FIN,A01
FIN_A02,FIN,A02
FIN_A03,FIN,A03
FIN_B05,FIN,B05
FIN_B06,FIN,B06
FIN_B07,FIN,B07
FIN_B08,FIN,B08
FIN_B09,FIN,B09
FIN_C10T12,FIN,C10T12
FIN_C13T15,FIN,C13T15
FIN_C16,FIN,C16
FIN_C17_18,FIN,C17_18
FIN_C19,FIN,C19
FIN_C20,FIN,C20
FIN_C21,FIN,C21
FIN_C22,FIN,C22
FIN_C23,FIN,C23
FIN_C24A,FIN,C24A
FIN_C24B,FIN,C24B
FIN_C25,FIN,C25
FIN_C26,FIN,C26
FIN_C27,FIN,C27
FIN_C28,FIN,C28
FIN_C29,FIN,C29
FIN_C301,FIN,C301
FIN_C302T309,FIN,C302T309
FIN_C31T33,FIN,C31T33
FIN_D,FIN,D
FIN_E,FIN,E
FIN_F,FIN,F
FIN_G,FIN,G
FIN_H49,FIN,H49
FIN_H50,FIN,H50
FIN_H51,FIN,H51
FIN_H52,FIN,H52
FIN_H53,FIN,H53
FIN_I,FIN,I
FIN_J58T60,FIN,J58T60
FIN_J61,FIN,J61
FIN_J62_63,FIN,J62_63
FIN_K,FIN,K
FIN_L,FIN,L
FIN_M,FIN,M
FIN_N,FIN,N
FIN_O,FIN,O
FIN_P,FIN,P
FIN_Q,FIN,Q
FIN_R,FIN,R
FIN_S,FIN,S
FIN_T,FIN,T
FRA_A01,FRA,A01
FRA_A02,FRA,A02
FRA_A03,FRA,A03
FRA_B05,FRA,B05
FRA_B06,FRA,B06
FRA_B07,FRA,B07
FRA_B08,FRA,B08
FRA_B09,FRA,B09
FRA_C10T12,FRA,C10T12
FRA_C13T15,FRA,C13T15
FRA_C16,FRA,C16
FRA_C17_18,FRA,C17_18
FRA_C19,FRA,C19
FRA_C20,FRA,C20
FRA_C21,FRA,C21
FRA_C22,FRA,C22
FRA_C23,FRA,C23
FRA_C24A,FRA,C24A
FRA_C24B,FRA,C24B
FRA_C25,FRA,C25
FRA_C26,FRA,C26
FRA_C27,FRA,C27
FRA_C28,FRA,C28
FRA_C29,FRA,C29
FRA_C301,FRA,C301
FRA_C302T309,FRA,C302T309
FRA_C31T33,FRA,C31T33
FRA_D,FRA,D
FRA_E,FRA,E
FRA_F,FRA,F
FRA_G,FRA,G
FRA_H49,FRA,H49
FRA_H50,FRA,H50
FRA_H51,FRA,H51
FRA_H52,FRA,H52
FRA_H53,FRA,H53
FRA_I,FRA,I
FRA_J58T60,FRA,J58T60
FRA_J61,FRA,J61
FRA_J62_63,FRA,J62_63
FRA_K,FRA,K
FRA_L,FRA,L
FRA_M,FRA,M
FRA_N,FRA,N
FRA_O,FRA,O
FRA_P,FRA,P
FRA_Q,FRA,Q
FRA_R,FRA,R
FRA_S,FRA,S
FRA_T,FRA,T
GBR_A01,GBR,A01
GBR_A02,GBR,A02
GBR_A03,GBR,A03
GBR_B05,GBR,B05
GBR_B06,GBR,B06
GBR_B07,GBR,B07
GBR_B08,GBR,B08
GBR_B09,GBR,B09
GBR_C10T12,GBR,C10T12
GBR_C13T15,GBR,C13T15
GBR_C16,GBR,C16
GBR_C17_18,GBR,C17_18
GBR_C19,GBR,C19
GBR_C20,GBR,C20
GBR_C21,GBR,C21
GBR_C22,GBR,C22
GBR_C23,GBR,C23
GBR_C24A,GBR,C24A
GBR_C24B,GBR,C24B
GBR_C25,GBR,C25
GBR_C26,GBR,C26
GBR_C27,GBR,C27
GBR_C28,GBR,C28
GBR_C29,GBR,C29
GBR_C301,GBR,C301
GBR_C302T309,GBR,C302T309
GBR_C31T33,GBR,C31T33
GBR_D,GBR,D
GBR_E,GBR,E
GBR_F,GBR,F
GBR_G,GBR,G
GBR_H49,GBR,H49
GBR_H50,GBR,H50
GBR_H51,GBR,H51
GBR_H52,GBR,H52
GBR_H53,GBR,H53
GBR_I,GBR,I
GBR_J58T60,GBR,J58T60
GBR_J61,GBR,J61
GBR_J62_63,GBR,J62_63
GBR_K,GBR,K
GBR_L,GBR,L
GBR_M,GBR,M
GBR_N,GBR,N
GBR_O,GBR,O
GBR_P,GBR,P
GBR_Q,GBR,Q
GBR_R,GBR,R
GBR_S,GBR,S
GBR_T,GBR,T
GRC_A01,GRC,A01
GRC_A02,GRC,A02
GRC_A03,GRC,A03
GRC_B05,GRC,B05
GRC_B06,GRC,B06
GRC_B07,GRC,B07
GRC_B08,GRC,B08
GRC_B09,GRC,B09
GRC_C10T12,GRC,C10T12
GRC_C13T15,GRC,C13T15
GRC_C16,GRC,C16
GRC_C17_18,GRC,C17_18
GRC_C19,GRC,C19
GRC_C20,GRC,C20
GRC_C21,GRC,C21
GRC_C22,GRC,C22
GRC_C23,GRC,C23
GRC_C24A,GRC,C24A
GRC_C24B,GRC,C24B
GRC_C25,GRC,C25
GRC_C26,GRC,C26
GRC_C27,GRC,C27
GRC_C28,GRC,C28
GRC_C29,GRC,C29
GRC_C301,GRC,C301
GRC_C302T309,GRC,C302T309
GRC_C31T33,GRC,C31T33
GRC_D,GRC,D
GRC_E,GRC,E
GRC_F,GRC,F
GRC_G,GRC,G
GRC_H49,GRC,H49
GRC_H50,GRC,H50
GRC_H51,GRC,H51
GRC_H52,GRC,H52
GRC_H53,GRC,H53
GRC_I,GRC,I
GRC_J58T60,GRC,J58T60
GRC_J61,GRC,J61
GRC_J62_63,GRC,J62_63
GRC_K,GRC,K
GRC_L,GRC,L
GRC_M,GRC,M
GRC_N,GRC,N
GRC_O,GRC,O
GRC_P,GRC,P
GRC_Q,GRC,Q
GRC_R,GRC,R
GRC_S,GRC,S
GRC_T,GRC,T
HKG_A01,HKG,A01
HKG_A02,HKG,A02
HKG_A03,HKG,A03
HKG_B05,HKG,B05
HKG_B06,HKG,B06
HKG_B07,HKG,B07
HKG_B08,HKG,B08
HKG_B09,HKG,B09
HKG_C10T12,HKG,C10T12
HKG_C13T15,HKG,C13T15
HKG_C16,HKG,C16
HKG_C17_18,HKG,C17_18
HKG_C19,HKG,C19
HKG_C20,HKG,C20
HKG_C21,HKG,C21
HKG_C22,HKG,C22
HKG_C23,HKG,C23
HKG_C24A,HKG,C24A
HKG_C24B,HKG,C24B
HKG_C25,HKG,C25
HKG_C26,HKG,C26
HKG_C27,HKG,C27
HKG_C28,HKG,C28
HKG_C29,HKG,C29
HKG_C301,HKG,C301
HKG_C302T309,HKG,C302T309
HKG_C31T33,HKG,C31T33
HKG_D,HKG,D
HKG_E,HKG,E
HKG_F,HKG,F
HKG_G,HKG,G
HKG_H49,HKG,H49
HKG_H50,HKG,H50
HKG_H51,HKG,H51
HKG_H52,HKG,H52
HKG_H53,HKG,H53
HKG_I,HKG,I
HKG_J58T60,HKG,J58T60
HKG_J61,HKG,J61
HKG_J62_63,HKG,J62_63
HKG_K,HKG,K
HKG_L,HKG,L
HKG_M,HKG,M
HKG_N,HKG,N
HKG_O,HKG,O
HKG_P,HKG,P
HKG_Q,HKG,Q
HKG_R,HKG,R
HKG_S,HKG,S
HKG_T,HKG,T
HRV_A01,HRV,A01
HRV_A02,HRV,A02
HRV_A03,HRV,A03
HRV_B05,HRV,B05
HRV_B06,HRV,B06
HRV_B07,HRV,B07
HRV_B08,HRV,B08
HRV_B09,HRV,B09
HRV_C10T12,HRV,C10T12
HRV_C13T15,HRV,C13T15
HRV_C16,HRV,C16
HRV_C17_18,HRV,C17_18
HRV_C19,HRV,C19
HRV_C20,HRV,C20
HRV_C21,HRV,C21
HRV_C22,HRV,C22
HRV_C23,HRV,C23
HRV_C24A,HRV,C24A
HRV_C24B,HRV,C24B
HRV_C25,HRV,C25
HRV_C26,HRV,C26
HRV_C27,HRV,C27
HRV_C28,HRV,C28
HRV_C29,HRV,C29
HRV_C301,HRV,C301
HRV_C302T309,HRV,C302T309
HRV_C31T33,HRV,C31T33
HRV_D,HRV,D
HRV_E,HRV,E
HRV_F,HRV,F
HRV_G,HRV,G
HRV_H49,HRV,H49
HRV_H50,HRV,H50
HRV_H51,HRV,H51
HRV_H52,HRV,H52
HRV_H53,HRV,H53
HRV_I,HRV,I
HRV_J58T60,HRV,J58T60
HRV_J61,HRV,J61
HRV_J62_63,HRV,J62_63
HRV_K,HRV,K
HRV_L,HRV,L
HRV_M,HRV,M
HRV_N,HRV,N
HRV_O,HRV,O
HRV_P,HRV,P
HRV_Q,HRV,Q
HRV_R,HRV,R
HRV_S,HRV,S
HRV_T,HRV,T
HUN_A01,HUN,A01
HUN_A02,HUN,A02
HUN_A03,HUN,A03
HUN_B05,HUN,B05
HUN_B06,HUN,B06
HUN_B07,HUN,B07
HUN_B08,HUN,B08
HUN_B09,HUN,B09
HUN_C10T12,HUN,C10T12
HUN_C13T15,HUN,C13T15
HUN_C16,HUN,C16
HUN_C17_18,HUN,C17_18
HUN_C19,HUN,C19
HUN_C20,HUN,C20
HUN_C21,HUN,C21
HUN_C22,HUN,C22
HUN_C23,HUN,C23
HUN_C24A,HUN,C24A
HUN_C24B,HUN,C24B
HUN_C25,HUN,C25
HUN_C26,HUN,C26
HUN_C27,HUN,C27
HUN_C28,HUN,C28
HUN_C29,HUN,C29
HUN_C301,HUN,C301
HUN_C302T309,HUN,C302T309
HUN_C31T33,HUN,C31T33
HUN_D,HUN,D
HUN_E,HUN,E
HUN_F,HUN,F
HUN_G,HUN,G
HUN_H49,HUN,H49
HUN_H50,HUN,H50
HUN_H51,HUN,H51
HUN_H52,HUN,H52
HUN_H53,HUN,H53
HUN_I,HUN,I
HUN_J58T60,HUN,J58T60
HUN_J61,HUN,J61
HUN_J62_63,HUN,J62_63
HUN_K,HUN,K
HUN_L,HUN,L
HUN_M,HUN,M
HUN_N,HUN,N
HUN_O,HUN,O
HUN_P,HUN,P
HUN_Q,HUN,Q
HUN_R,HUN,R
HUN_S,HUN,S
HUN_T,HUN,T
IDN_A01,IDN,A01
IDN_A02,IDN,A02
IDN_A03,IDN,A03
IDN_B05,IDN,B05
IDN_B06,IDN,B06
IDN_B07,IDN,B07
IDN_B08,IDN,B08
IDN_B09,IDN,B09
IDN_C10T12,IDN,C10T12
IDN_C13T15,IDN,C13T15
IDN_C16,IDN,C16
IDN_C17_18,IDN,C17_18
IDN_C19,IDN,C19
IDN_C20,IDN,C20
IDN_C21,IDN,C21
IDN_C22,IDN,C22
IDN_C23,IDN,C23
IDN_C24A,IDN,C24A
IDN_C24B,IDN,C24B
IDN_C25,IDN,C25
IDN_C26,IDN,C26
IDN_C27,IDN,C27
IDN_C28,IDN,C28
IDN_C29,IDN,C29
IDN_C301,IDN,C301
IDN_C302T309,IDN,C302T309
IDN_C31T33,IDN,C31T33
IDN_D,IDN,D
IDN_E,IDN,E
IDN_F,IDN,F
IDN_G,IDN,G
IDN_H49,IDN,H49
IDN_H50,IDN,H50
IDN_H51,IDN,H51
IDN_H52,IDN,H52
IDN_H53,IDN,H53
IDN_I,IDN,I
IDN_J58T60,IDN,J58T60
IDN_J61,IDN,J61
IDN_J62_63,IDN,J62_63
IDN_K,IDN,K
IDN_L,IDN,L
IDN_M,IDN,M
IDN_N,IDN,N
IDN_O,IDN,O
IDN_P,IDN,P
IDN_Q,IDN,Q
IDN_R,IDN,R
IDN_S,IDN,S
IDN_T,IDN,T
IND_A01,IND,A01
IND_A02,IND,A02
IND_A03,IND,A03
IND_B05,IND,B05
IND_B06,IND,B06
IND_B07,IND,B07
IND_B08,IND,B08
IND_B09,IND,B09
IND_C10T12,IND,C10T12
IND_C13T15,IND,C13T15
IND_C16,IND,C16
IND_C17_18,IND,C17_18
IND_C19,IND,C19
IND_C20,IND,C20
IND_C21,IND,C21
IND_C22,IND,C22
IND_C23,IND,C23
IND_C24A,IND,C24A
IND_C24B,IND,C24B
IND_C25,IND,C25
IND_C26,IND,C26
IND_C27,IND,C27
IND_C28,IND,C28
IND_C29,IND,C29
IND_C301,IND,C301
IND_C302T309,IND,C302T309
IND_C31T33,IND,C31T33
IND_D,IND,D
IND_E,IND,E
IND_F,IND,F
IND_G,IND,G
IND_H49,IND,H49
IND_H50,IND,H50
IND_H51,IND,H51
IND_H52,IND,H52
IND_H53,IND,H53
IND_I,IND,I
IND_J58T60,IND,J58T60
IND_J61,IND,J61
IND_J62_63,IND,J62_63
IND_K,IND,K
IND_L,IND,L
IND_M,IND,M
IND_N,IND,N
IND_O,IND,O
IND_P,IND,P
IND_Q,IND,Q
IND_R,IND,R
IND_S,IND,S
IND_T,IND,T
IRL_A01,IRL,A01
IRL_A02,IRL,A02
IRL_A03,IRL,A03
IRL_B05,IRL,B05
IRL_B06,IRL,B06
IRL_B07,IRL,B07
IRL_B08,IRL,B08
IRL_B09,IRL,B09
IRL_C10T12,IRL,C10T12
IRL_C13T15,IRL,C13T15
IRL_C16,IRL,C16
IRL_C17_18,IRL,C17_18
IRL_C19,IRL,C19
IRL_C20,IRL,C20
IRL_C21,IRL,C21
IRL_C22,IRL,C22
IRL_C23,IRL,C23
IRL_C24A,IRL,C24A
IRL_C24B,IRL,C24B
IRL_C25,IRL,C25
IRL_C26,IRL,C26
IRL_C27,IRL,C27
IRL_C28,IRL,C28
IRL_C29,IRL,C29
IRL_C301,IRL,C301
IRL_C302T309,IRL,C302T309
IRL_C31T33,IRL,C31T33
IRL_D,IRL,D
IRL_E,IRL,E
IRL_F,IRL,F
IRL_G,IRL,G
IRL_H49,IRL,H49
IRL_H50,IRL,H50
IRL_H51,IRL,H51
IRL_H52,IRL,H52
IRL_H53,IRL,H53
IRL_I,IRL,I
IRL_J58T60,IRL,J58T60
IRL_J61,IRL,J61
IRL_J62_63,IRL,J62_63
IRL_K,IRL,K
IRL_L,IRL,L
IRL_M,IRL,M
IRL_N,IRL,N
IRL_O,IRL,O
IRL_P,IRL,P
IRL_Q,IRL,Q
IRL_R,IRL,R
IRL_S,IRL,S
IRL_T,IRL,T
ISL_A01,ISL,A01
ISL_A02,ISL,A02
ISL_A03,ISL,A03
ISL_B05,ISL,B05
ISL_B06,ISL,B06
ISL_B07,ISL,B07
ISL_B08,ISL,B08
ISL_B09,ISL,B09
ISL_C10T12,ISL,C10T12
ISL_C13T15,ISL,C13T15
ISL_C16,ISL,C16
ISL_C17_18,ISL,C17_18
ISL_C19,ISL,C19
ISL_C20,ISL,C20
ISL_C21,ISL,C21
ISL_C22,ISL,C22
ISL_C23,ISL,C23
ISL_C24A,ISL,C24A
ISL_C24B,ISL,C24B
ISL_C25,ISL,C25
ISL_C26,ISL,C26
ISL_C27,ISL,C27
ISL_C28,ISL,C28
ISL_C29,ISL,C29
ISL_C301,ISL,C301
ISL_C302T309,ISL,C302T309
ISL_C31T33,ISL,C31T33
ISL_D,ISL,D
ISL_E,ISL,E
ISL_F,ISL,F
ISL_G,ISL,G
ISL_H49,ISL,H49
ISL_H50,ISL,H50
ISL_H51,ISL,H51
ISL_H52,ISL,H52
ISL_H53,ISL,H53
ISL_I,ISL,I
ISL_J58T60,ISL,J58T60
ISL_J61,ISL,J61
ISL_J62_63,ISL,J62_63
ISL_K,ISL,K
ISL_L,ISL,L
ISL_M,ISL,M
ISL_N,ISL,N
ISL_O,ISL,O
ISL_P,ISL,P
ISL_Q,ISL,Q
ISL_R,ISL,R
ISL_S,ISL,S
ISL_T,ISL,T
ISR_A01,ISR,A01
ISR_A02,ISR,A02
ISR_A03,ISR,A03
ISR_B05,ISR,B05
ISR_B06,ISR,B06
ISR_B07,ISR,B07
ISR_B08,ISR,B08
ISR_B09,ISR,B09
ISR_C10T12,ISR,C10T12
ISR_C13T15,ISR,C13T15
ISR_C16,ISR,C16
ISR_C17_18,ISR,C17_18
ISR_C19,ISR,C19
ISR_C20,ISR,C20
ISR_C21,ISR,C21
ISR_C22,ISR,C22
ISR_C23,ISR,C23
ISR_C24A,ISR,C24A
ISR_C24B,ISR,C24B
ISR_C25,ISR,C25
ISR_C26,ISR,C26
ISR_C27,ISR,C27
ISR_C28,ISR,C28
ISR_C29,ISR,C29
ISR_C301,ISR,C301
ISR_C302T309,ISR,C302T309
ISR_C31T33,ISR,C31T33
ISR_D,ISR,D
ISR_E,ISR,E
ISR_F,ISR,F
ISR_G,ISR,G
ISR_H49,ISR,H49
ISR_H50,ISR,H50
ISR_H51,ISR,H51
ISR_H52,ISR,H52
ISR_H53,ISR,H53
ISR_I,ISR,I
ISR_J58T60,ISR,J58T60
ISR_J61,ISR,J61
ISR_J62_63,ISR,J62_63
ISR_K,ISR,K
ISR_L,ISR,L
ISR_M,ISR,M
ISR_N,ISR,N
ISR_O,ISR,O
ISR_P,ISR,P
ISR_Q,ISR,Q
ISR_R,ISR,R
ISR_S,ISR,S
ISR_T,ISR,T
ITA_A01,ITA,A01
ITA_A02,ITA,A02
ITA_A03,ITA,A03
ITA_B05,ITA,B05
ITA_B06,ITA,B06
ITA_B07,ITA,B07
ITA_B08,ITA,B08
ITA_B09,ITA,B09
ITA_C10T12,ITA,C10T12
ITA_C13T15,ITA,C13T15
ITA_C16,ITA,C16
ITA_C17_18,ITA,C17_18
ITA_C19,ITA,C19
ITA_C20,ITA,C20
ITA_C21,ITA,C21
ITA_C22,ITA,C22
ITA_C23,ITA,C23
ITA_C24A,ITA,C24A
ITA_C24B,ITA,C24B
ITA_C25,ITA,C25
ITA_C26,ITA,C26
ITA_C27,ITA,C27
ITA_C28,ITA,C28
ITA_C29,ITA,C29
ITA_C301,ITA,C301
ITA_C302T309,ITA,C302T309
ITA_C31T33,ITA,C31T33
ITA_D,ITA,D
ITA_E,ITA,E
ITA_F,ITA,F
ITA_G,ITA,G
ITA_H49,ITA,H49
ITA_H50,ITA,H50
ITA_H51,ITA,H51
ITA_H52,ITA,H52
ITA_H53,ITA,H53
ITA_I,ITA,I
ITA_J58T60,ITA,J58T60
ITA_J61,ITA,J61
ITA_J62_63,ITA,J62_63
ITA_K,ITA,K
ITA_L,ITA,L
ITA_M,ITA,M
ITA_N,ITA,N
ITA_O,ITA,O
ITA_P,ITA,P
ITA_Q,ITA,Q
ITA_R,ITA,R
ITA_S,ITA,S
ITA_T,ITA,T
JOR_A01,JOR,A01
JOR_A02,JOR,A02
JOR_A03,JOR,A03
JOR_B05,JOR,B05
JOR_B06,JOR,B06
JOR_B07,JOR,B07
JOR_B08,JOR,B08
JOR_B09,JOR,B09
JOR_C10T12,JOR,C10T12
JOR_C13T15,JOR,C13T15
JOR_C16,JOR,C16
JOR_C17_18,JOR,C17_18
JOR_C19,JOR,C19
JOR_C20,JOR,C20
JOR_C21,JOR,C21
JOR_C22,JOR,C22
JOR_C23,JOR,C23
JOR_C24A,JOR,C24A
JOR_C24B,JOR,C24B
JOR_C25,JOR,C25
JOR_C26,JOR,C26
JOR_C27,JOR,C27
JOR_C28,JOR,C28
JOR_C29,JOR,C29
JOR_C301,JOR,C301
JOR_C302T309,JOR,C302T309
JOR_C31T33,JOR,C31T33
JOR_D,JOR,D
JOR_E,JOR,E
JOR_F,JOR,F
JOR_G,JOR,G
JOR_H49,JOR,H49
JOR_H50,JOR,H50
JOR_H51,JOR,H51
JOR_H52,JOR,H52
JOR_H53,JOR,H53
JOR_I,JOR,I
JOR_J58T60,JOR,J58T60
JOR_J61,JOR,J61
JOR_J62_63,JOR,J62_63
JOR_K,JOR,K
JOR_L,JOR,L
JOR_M,JOR,M
JOR_N,JOR,N
JOR_O,JOR,O
JOR_P,JOR,P
JOR_Q,JOR,Q
JOR_R,JOR,R
JOR_S,JOR,S
JOR_T,JOR,T
JPN_A01,JPN,A01
JPN_A02,JPN,A02
JPN_A03,JPN,A03
JPN_B05,JPN,B05
JPN_B06,JPN,B06
JPN_B07,JPN,B07
JPN_B08,JPN,B08
JPN_B09,JPN,B09
JPN_C10T12,JPN,C10T12
JPN_C13T15,JPN,C13T15
JPN_C16,JPN,C16
JPN_C17_18,JPN,C17_18
JPN_C19,JPN,C19
JPN_C20,JPN,C20
JPN_C21,JPN,C21
JPN_C22,JPN,C22
JPN_C23,JPN,C23
JPN_C24A,JPN,C24A
JPN_C24B,JPN,C24B
JPN_C25,JPN,C25
JPN_C26,JPN,C26
JPN_C27,JPN,C27
JPN_C28,JPN,C28
JPN_C29,JPN,C29
JPN_C301,JPN,C301
JPN_C302T309,JPN,C302T309
JPN_C31T33,JPN,C31T33
JPN_D,JPN,D
JPN_E,JPN,E
JPN_F,JPN,F
JPN_G,JPN,G
JPN_H49,JPN,H49
JPN_H50,JPN,H50
JPN_H51,JPN,H51
JPN_H52,JPN,H52
JPN_H53,JPN,H53
JPN_I,JPN,I
JPN_J58T60,JPN,J58T60
JPN_J61,JPN,J61
JPN_J62_63,JPN,J62_63
JPN_K,JPN,K
JPN_L,JPN,L
JPN_M,JPN,M
JPN_N,JPN,N
JPN_O,JPN,O
JPN_P,JPN,P
JPN_Q,JPN,Q
JPN_R,JPN,R
JPN_S,JPN,S
JPN_T,JPN,T
KAZ_A01,KAZ,A01
KAZ_A02,KAZ,A02
KAZ_A03,KAZ,A03
KAZ_B05,KAZ,B05
KAZ_B06,KAZ,B06
KAZ_B07,KAZ,B07
KAZ_B08,KAZ,B08
KAZ_B09,KAZ,B09
KAZ_C10T12,KAZ,C10T12
KAZ_C13T15,KAZ,C13T15
KAZ_C16,KAZ,C16
KAZ_C17_18,KAZ,C17_18
KAZ_C19,KAZ,C19
KAZ_C20,KAZ,C20
KAZ_C21,KAZ,C21
KAZ_C22,KAZ,C22
KAZ_C23,KAZ,C23
KAZ_C24A,KAZ,C24A
KAZ_C24B,KAZ,C24B
KAZ_C25,KAZ,C25
KAZ_C26,KAZ,C26
KAZ_C27,KAZ,C27
KAZ_C28,KAZ,C28
KAZ_C29,KAZ,C29
KAZ_C301,KAZ,C301
KAZ_C302T309,KAZ,C302T309
KAZ_C31T33,KAZ,C31T33
KAZ_D,KAZ,D
KAZ_E,KAZ,E
KAZ_F,KAZ,F
KAZ_G,KAZ,G
KAZ_H49,KAZ,H49
KAZ_H50,KAZ,H50
KAZ_H51,KAZ,H51
KAZ_H52,KAZ,H52
KAZ_H53,KAZ,H53
KAZ_I,KAZ,I
KAZ_J58T60,KAZ,J58T60
KAZ_J61,KAZ,J61
KAZ_J62_63,KAZ,J62_63
KAZ_K,KAZ,K
KAZ_L,KAZ,L
KAZ_M,KAZ,M
KAZ_N,KAZ,N
KAZ_O,KAZ,O
KAZ_P,KAZ,P
KAZ_Q,KAZ,Q
KAZ_R,KAZ,R
KAZ_S,KAZ,S
KAZ_T,KAZ,T
KHM_A01,KHM,A01
KHM_A02,KHM,A02
KHM_A03,KHM,A03
KHM_B05,KHM,B05
KHM_B06,KHM,B06
KHM_B07,KHM,B07
KHM_B08,KHM,B08
KHM_B09,KHM,B09
KHM_C10T12,KHM,C10T12
KHM_C13T15,KHM,C13T15
KHM_C16,KHM,C16
KHM_C17_18,KHM,C17_18
KHM_C19,KHM,C19
KHM_C20,KHM,C20
KHM_C21,KHM,C21
KHM_C22,KHM,C22
KHM_C23,KHM,C23
KHM_C24A,KHM,C24A
KHM_C24B,KHM,C24B
KHM_C25,KHM,C25
KHM_C26,KHM,C26
KHM_C27,KHM,C27
KHM_C28,KHM,C28
KHM_C29,KHM,C29
KHM_C301,KHM,C301
KHM_C302T309,KHM,C302T309
KHM_C31T33,KHM,C31T33
KHM_D,KHM,D
KHM_E,KHM,E
KHM_F,KHM,F
KHM_G,KHM,G
KHM_H49,KHM,H49
KHM_H50,KHM,H50
KHM_H51,KHM,H51
KHM_H52,KHM,H52
KHM_H53,KHM,H53
KHM_I,KHM,I
KHM_J58T60,KHM,J58T60
KHM_J61,KHM,J61
KHM_J62_63,KHM,J62_63
KHM_K,KHM,K
KHM_L,KHM,L
KHM_M,KHM,M
KHM_N,KHM,N
KHM_O,KHM,O
KHM_P,KHM,P
KHM_Q,KHM,Q
KHM_R,KHM,R
KHM_S,KHM,S
KHM_T,KHM,T
KOR_A01,KOR,A01
KOR_A02,KOR,A02
KOR_A03,KOR,A03
KOR_B05,KOR,B05
KOR_B06,KOR,B06
KOR_B07,KOR,B07
KOR_B08,KOR,B08
KOR_B09,KOR,B09
KOR_C10T12,KOR,C10T12
KOR_C13T15,KOR,C13T15
KOR_C16,KOR,C16
KOR_C17_18,KOR,C17_18
KOR_C19,KOR,C19
KOR_C20,KOR,C20
KOR_C21,KOR,C21
KOR_C22,KOR,C22
KOR_C23,KOR,C23
KOR_C24A,KOR,C24A
KOR_C24B,KOR,C24B
KOR_C25,KOR,C25
KOR_C26,KOR,C26
KOR_C27,KOR,C27
KOR_C28,KOR,C28
KOR_C29,KOR,C29
KOR_C301,KOR,C301
KOR_C302T309,KOR,C302T309
KOR_C31T33,KOR,C31T33
KOR_D,KOR,D
KOR_E,KOR,E
KOR_F,KOR,F
KOR_G,KOR,G
KOR_H49,KOR,H49
KOR_H50,KOR,H50
KOR_H51,KOR,H51
KOR_H52,KOR,H52
KOR_H53,KOR,H53
KOR_I,KOR,I
KOR_J58T60,KOR,J58T60
KOR_J61,KOR,J61
KOR_J62_63,KOR,J62_63
KOR_K,KOR,K
KOR_L,KOR,L
KOR_M,KOR,M
KOR_N,KOR,N
KOR_O,KOR,O
KOR_P,KOR,P
KOR_Q,KOR,Q
KOR_R,KOR,R
KOR_S,KOR,S
KOR_T,KOR,T
LAO_A01,LAO,A01
LAO_A02,LAO,A02
LAO_A03,LAO,A03
LAO_B05,LAO,B05
LAO_B06,LAO,B06
LAO_B07,LAO,B07
LAO_B08,LAO,B08
LAO_B09,LAO,B09
LAO_C10T12,LAO,C10T12
LAO_C13T15,LAO,C13T15
LAO_C16,LAO,C16
LAO_C17_18,LAO,C17_18
LAO_C19,LAO,C19
LAO_C20,LAO,C20
LAO_C21,LAO,C21
LAO_C22,LAO,C22
LAO_C23,LAO,C23
LAO_C24A,LAO,C24A
LAO_C24B,LAO,C24B
LAO_C25,LAO,C25
LAO_C26,LAO,C26
LAO_C27,LAO,C27
LAO_C28,LAO,C28
LAO_C29,LAO,C29
LAO_C301,LAO,C301
LAO_C302T309,LAO,C302T309
LAO_C31T33,LAO,C31T33
LAO_D,LAO,D
LAO_E,LAO,E
LAO_F,LAO,F
LAO_G,LAO,G
LAO_H49,LAO,H49
LAO_H50,LAO,H50
LAO_H51,LAO,H51
LAO_H52,LAO,H52
LAO_H53,LAO,H53
LAO_I,LAO,I
LAO_J58T60,LAO,J58T60
LAO_J61,LAO,J61
LAO_J62_63,LAO,J62_63
LAO_K,LAO,K
LAO_L,LAO,L
LAO_M,LAO,M
LAO_N,LAO,N
LAO_O,LAO,O
LAO_P,LAO,P
LAO_Q,LAO,Q
LAO_R,LAO,R
LAO_S,LAO,S
LAO_T,LAO,T
LTU_A01,LTU,A01
LTU_A02,LTU,A02
LTU_A03,LTU,A03
LTU_B05,LTU,B05
LTU_B06,LTU,B06
LTU_B07,LTU,B07
LTU_B08,LTU,B08
LTU_B09,LTU,B09
LTU_C10T12,LTU,C10T12
LTU_C13T15,LTU,C13T15
LTU_C16,LTU,C16
LTU_C17_18,LTU,C17_18
LTU_C19,LTU,C19
LTU_C20,LTU,C20
LTU_C21,LTU,C21
LTU_C22,LTU,C22
LTU_C23,LTU,C23
LTU_C24A,LTU,C24A
LTU_C24B,LTU,C24B
LTU_C25,LTU,C25
LTU_C26,LTU,C26
LTU_C27,LTU,C27
LTU_C28,LTU,C28
LTU_C29,LTU,C29
LTU_C301,LTU,C301
LTU_C302T309,LTU,C302T309
LTU_C31T33,LTU,C31T33
LTU_D,LTU,D
LTU_E,LTU,E
LTU_F,LTU,F
LTU_G,LTU,G
LTU_H49,LTU,H49
LTU_H50,LTU,H50
LTU_H51,LTU,H51
LTU_H52,LTU,H52
LTU_H53,LTU,H53
LTU_I,LTU,I
LTU_J58T60,LTU,J58T60
LTU_J61,LTU,J61
LTU_J62_63,LTU,J62_63
LTU_K,LTU,K
LTU_L,LTU,L
LTU_M,LTU,M
LTU_N,LTU,N
LTU_O,LTU,O
LTU_P,LTU,P
LTU_Q,LTU,Q
LTU_R,LTU,R
LTU_S,LTU,S
LTU_T,LTU,T
LUX_A01,LUX,A01
LUX_A02,LUX,A02
LUX_A03,LUX,A03
LUX_B05,LUX,B05
LUX_B06,LUX,B06
LUX_B07,LUX,B07
LUX_B08,LUX,B08
LUX_B09,LUX,B09
LUX_C10T12,LUX,C10T12
LUX_C13T15,LUX,C13T15
LUX_C16,LUX,C16
LUX_C17_18,LUX,C17_18
LUX_C19,LUX,C19
LUX_C20,LUX,C20
LUX_C21,LUX,C21
LUX_C22,LUX,C22
LUX_C23,LUX,C23
LUX_C24A,LUX,C24A
LUX_C24B,LUX,C24B
LUX_C25,LUX,C25
LUX_C26,LUX,C26
LUX_C27,LUX,C27
LUX_C28,LUX,C28
LUX_C29,LUX,C29
LUX_C301,LUX,C301
LUX_C302T309,LUX,C302T309
LUX_C31T33,LUX,C31T33
LUX_D,LUX,D
LUX_E,LUX,E
LUX_F,LUX,F
LUX_G,LUX,G
LUX_H49,LUX,H49
LUX_H50,LUX,H50
LUX_H51,LUX,H51
LUX_H52,LUX,H52
LUX_H53,LUX,H53
LUX_I,LUX,I
LUX_J58T60,LUX,J58T60
LUX_J61,LUX,J61
LUX_J62_63,LUX,J62_63
LUX_K,LUX,K
LUX_L,LUX,L
LUX_M,LUX,M
LUX_N,LUX,N
LUX_O,LUX,O
LUX_P,LUX,P
LUX_Q,LUX,Q
LUX_R,LUX,R
LUX_S,LUX,S
LUX_T,LUX,T
LVA_A01,LVA,A01
LVA_A02,LVA,A02
LVA_A03,LVA,A03
LVA_B05,LVA,B05
LVA_B06,LVA,B06
LVA_B07,LVA,B07
LVA_B08,LVA,B08
LVA_B09,LVA,B09
LVA_C10T12,LVA,C10T12
LVA_C13T15,LVA,C13T15
LVA_C16,LVA,C16
LVA_C17_18,LVA,C17_18
LVA_C19,LVA,C19
LVA_C20,LVA,C20
LVA_C21,LVA,C21
LVA_C22,LVA,C22
LVA_C23,LVA,C23
LVA_C24A,LVA,C24A
LVA_C24B,LVA,C24B
LVA_C25,LVA,C25
LVA_C26,LVA,C26
LVA_C27,LVA,C27
LVA_C28,LVA,C28
LVA_C29,LVA,C29
LVA_C301,LVA,C301
LVA_C302T309,LVA,C302T309
LVA_C31T33,LVA,C31T33
LVA_D,LVA,D
LVA_E,LVA,E
LVA_F,LVA,F
LVA_G,LVA,G
LVA_H49,LVA,H49
LVA_H50,LVA,H50
LVA_H51,LVA,H51
LVA_H52,LVA,H52
LVA_H53,LVA,H53
LVA_I,LVA,I
LVA_J58T60,LVA,J58T60
LVA_J61,LVA,J61
LVA_J62_63,LVA,J62_63
LVA_K,LVA,K
LVA_L,LVA,L
LVA_M,LVA,M
LVA_N,LVA,N
LVA_O,LVA,O
LVA_P,LVA,P
LVA_Q,LVA,Q
LVA_R,LVA,R
LVA_S,LVA,S
LVA_T,LVA,T
MAR_A01,MAR,A01
MAR_A02,MAR,A02
MAR_A03,MAR,A03
MAR_B05,MAR,B05
MAR_B06,MAR,B06
MAR_B07,MAR,B07
MAR_B08,MAR,B08
MAR_B09,MAR,B09
MAR_C10T12,MAR,C10T12
MAR_C13T15,MAR,C13T15
MAR_C16,MAR,C16
MAR_C17_18,MAR,C17_18
MAR_C19,MAR,C19
MAR_C20,MAR,C20
MAR_C21,MAR,C21
MAR_C22,MAR,C22
MAR_C23,MAR,C23
MAR_C24A,MAR,C24A
MAR_C24B,MAR,C24B
MAR_C25,MAR,C25
MAR_C26,MAR,C26
MAR_C27,MAR,C27
MAR_C28,MAR,C28
MAR_C29,MAR,C29
MAR_C301,MAR,C301
MAR_C302T309,MAR,C302T309
MAR_C31T33,MAR,C31T33
MAR_D,MAR,D
MAR_E,MAR,E
MAR_F,MAR,F
MAR_G,MAR,G
MAR_H49,MAR,H49
MAR_H50,MAR,H50
MAR_H51,MAR,H51
MAR_H52,MAR,H52
MAR_H53,MAR,H53
MAR_I,MAR,I
MAR_J58T60,MAR,J58T60
MAR_J61,MAR,J61
MAR_J62_63,MAR,J62_63
MAR_K,MAR,K
MAR_L,MAR,L
MAR_M,MAR,M
MAR_N,MAR,N
MAR_O,MAR,O
MAR_P,MAR,P
MAR_Q,MAR,Q
MAR_R,MAR,R
MAR_S,MAR,S
MAR_T,MAR,T
MEX_A01,MEX,A01
MEX_A02,MEX,A02
MEX_A03,MEX,A03
MEX_B05,MEX,B05
MEX_B06,MEX,B06
MEX_B07,MEX,B07
MEX_B08,MEX,B08
MEX_B09,MEX,B09
MEX_C10T12,MEX,C10T12
MEX_C13T15,MEX,C13T15
MEX_C16,MEX,C16
MEX_C17_18,MEX,C17_18
MEX_C19,MEX,C19
MEX_C20,MEX,C20
MEX_C21,MEX,C21
MEX_C22,MEX,C22
MEX_C23,MEX,C23
MEX_C24A,MEX,C24A
MEX_C24B,MEX,C24B
MEX_C25,MEX,C25
MEX_C26,MEX,C26
MEX_C27,MEX,C27
MEX_C28,MEX,C28
MEX_C29,MEX,C29
MEX_C301,MEX,C301
MEX_C302T309,MEX,C302T309
MEX_C31T33,MEX,C31T33
MEX_D,MEX,D
MEX_E,MEX,E
MEX_F,MEX,F
MEX_G,MEX,G
MEX_H49,MEX,H49
MEX_H50,MEX,H50
MEX_H51,MEX,H51
MEX_H52,MEX,H52
MEX_H53,MEX,H53
MEX_I,MEX,I
MEX_J58T60,MEX,J58T60
MEX_J61,MEX,J61
MEX_J62_63,MEX,J62_63
MEX_K,MEX,K
MEX_L,MEX,L
MEX_M,MEX,M
MEX_N,MEX,N
MEX_O,MEX,O
MEX_P,MEX,P
MEX_Q,MEX,Q
MEX_R,MEX,R
MEX_S,MEX,S
MEX_T,MEX,T
MLT_A01,MLT,A01
MLT_A02,MLT,A02
MLT_A03,MLT,A03
MLT_B05,MLT,B05
MLT_B06,MLT,B06
MLT_B07,MLT,B07
MLT_B08,MLT,B08
MLT_B09,MLT,B09
MLT_C10T12,MLT,C10T12
MLT_C13T15,MLT,C13T15
MLT_C16,MLT,C16
MLT_C17_18,MLT,C17_18
MLT_C19,MLT,C19
MLT_C20,MLT,C20
MLT_C21,MLT,C21
MLT_C22,MLT,C22
MLT_C23,MLT,C23
MLT_C24A,MLT,C24A
MLT_C24B,MLT,C24B
MLT_C25,MLT,C25
MLT_C26,MLT,C26
MLT_C27,MLT,C27
MLT_C28,MLT,C28
MLT_C29,MLT,C29
MLT_C301,MLT,C301
MLT_C302T309,MLT,C302T309
MLT_C31T33,MLT,C31T33
MLT_D,MLT,D
MLT_E,MLT,E
MLT_F,MLT,F
MLT_G,MLT,G
MLT_H49,MLT,H49
MLT_H50,MLT,H50
MLT_H51,MLT,H51
MLT_H52,MLT,H52
MLT_H53,MLT,H53
MLT_I,MLT,I
MLT_J58T60,MLT,J58T60
MLT_J61,MLT,J61
MLT_J62_63,MLT,J62_63
MLT_K,MLT,K
MLT_L,MLT,L
MLT_M,MLT,M
MLT_N,MLT,N
MLT_O,MLT,O
MLT_P,MLT,P
MLT_Q,MLT,Q
MLT_R,MLT,R
MLT_S,MLT,S
MLT_T,MLT,T
MMR_A01,MMR,A01
MMR_A02,MMR,A02
MMR_A03,MMR,A03
MMR_B05,MMR,B05
MMR_B06,MMR,B06
MMR_B07,MMR,B07
MMR_B08,MMR,B08
MMR_B09,MMR,B09
MMR_C10T12,MMR,C10T12
MMR_C13T15,MMR,C13T15
MMR_C16,MMR,C16
MMR_C17_18,MMR,C17_18
MMR_C19,MMR,C19
MMR_C20,MMR,C20
MMR_C21,MMR,C21
MMR_C22,MMR,C22
MMR_C23,MMR,C23
MMR_C24A,MMR,C24A
MMR_C24B,MMR,C24B
MMR_C25,MMR,C25
MMR_C26,MMR,C26
MMR_C27,MMR,C27
MMR_C28,MMR,C28
MMR_C29,MMR,C29
MMR_C301,MMR,C301
MMR_C302T309,MMR,C302T309
MMR_C31T33,MMR,C31T33
MMR_D,MMR,D
MMR_E,MMR,E
MMR_F,MMR,F
MMR_G,MMR,G
MMR_H49,MMR,H49
MMR_H50,MMR,H50
MMR_H51,MMR,H51
MMR_H52,MMR,H52
MMR_H53,MMR,H53
MMR_I,MMR,I
MMR_J58T60,MMR,J58T60
MMR_J61,MMR,J61
MMR_J62_63,MMR,J62_63
MMR_K,MMR,K
MMR_L,MMR,L
MMR_M,MMR,M
MMR_N,MMR,N
MMR_O,MMR,O
MMR_P,MMR,P
MMR_Q,MMR,Q
MMR_R,MMR,R
MMR_S,MMR,S
MMR_T,MMR,T
MYS_A01,MYS,A01
MYS_A02,MYS,A02
MYS_A03,MYS,A03
MYS_B05,MYS,B05
MYS_B06,MYS,B06
MYS_B07,MYS,B07
MYS_B08,MYS,B08
MYS_B09,MYS,B09
MYS_C10T12,MYS,C10T12
MYS_C13T15,MYS,C13T15
MYS_C16,MYS,C16
MYS_C17_18,MYS,C17_18
MYS_C19,MYS,C19
MYS_C20,MYS,C20
MYS_C21,MYS,C21
MYS_C22,MYS,C22
MYS_C23,MYS,C23
MYS_C24A,MYS,C24A
MYS_C24B,MYS,C24B
MYS_C25,MYS,C25
MYS_C26,MYS,C26
MYS_C27,MYS,C27
MYS_C28,MYS,C28
MYS_C29,MYS,C29
MYS_C301,MYS,C301
MYS_C302T309,MYS,C302T309
MYS_C31T33,MYS,C31T33
MYS_D,MYS,D
MYS_E,MYS,E
MYS_F,MYS,F
MYS_G,MYS,G
MYS_H49,MYS,H49
MYS_H50,MYS,H50
MYS_H51,MYS,H51
MYS_H52,MYS,H52
MYS_H53,MYS,H53
MYS_I,MYS,I
MYS_J58T60,MYS,J58T60
MYS_J61,MYS,J61
MYS_J62_63,MYS,J62_63
MYS_K,MYS,K
MYS_L,MYS,L
MYS_M,MYS,M
MYS_N,MYS,N
MYS_O,MYS,O
MYS_P,MYS,P
MYS_Q,MYS,Q
MYS_R,MYS,R
MYS_S,MYS,S
MYS_T,MYS,T
NGA_A01,NGA,A01
NGA_A02,NGA,A02
NGA_A03,NGA,A03
NGA_B05,NGA,B05
NGA_B06,NGA,B06
NGA_B07,NGA,B07
NGA_B08,NGA,B08
NGA_B09,NGA,B09
NGA_C10T12,NGA,C10T12
NGA_C13T15,NGA,C13T15
NGA_C16,NGA,C16
NGA_C17_18,NGA,C17_18
NGA_C19,NGA,C19
NGA_C20,NGA,C20
NGA_C21,NGA,C21
NGA_C22,NGA,C22
NGA_C23,NGA,C23
NGA_C24A,NGA,C24A
NGA_C24B,NGA,C24B
NGA_C25,NGA,C25
NGA_C26,NGA,C26
NGA_C27,NGA,C27
NGA_C28,NGA,C28
NGA_C29,NGA,C29
NGA_C301,NGA,C301
NGA_C302T309,NGA,C302T309
NGA_C31T33,NGA,C31T33
NGA_D,NGA,D
NGA_E,NGA,E
NGA_F,NGA,F
NGA_G,NGA,G
NGA_H49,NGA,H49
NGA_H50,NGA,H50
NGA_H51,NGA,H51
NGA_H52,NGA,H52
NGA_H53,NGA,H53
NGA_I,NGA,I
NGA_J58T60,NGA,J58T60
NGA_J61,NGA,J61
NGA_J62_63,NGA,J62_63
NGA_K,NGA,K
NGA_L,NGA,L
NGA_M,NGA,M
NGA_N,NGA,N
NGA_O,NGA,O
NGA_P,NGA,P
NGA_Q,NGA,Q
NGA_R,NGA,R
NGA_S,NGA,S
NGA_T,NGA,T
NLD_A01,NLD,A01
NLD_A02,NLD,A02
NLD_A03,NLD,A03
NLD_B05,NLD,B05
NLD_B06,NLD,B06
NLD_B07,NLD,B07
NLD_B08,NLD,B08
NLD_B09,NLD,B09
NLD_C10T12,NLD,C10T12
NLD_C13T15,NLD,C13T15
NLD_C16,NLD,C16
NLD_C17_18,NLD,C17_18
NLD_C19,NLD,C19
NLD_C20,NLD,C20
NLD_C21,NLD,C21
NLD_C22,NLD,C22
NLD_C23,NLD,C23
NLD_C24A,NLD,C24A
NLD_C24B,NLD,C24B
NLD_C25,NLD,C25
NLD_C26,NLD,C26
NLD_C27,NLD,C27
NLD_C28,NLD,C28
NLD_C29,NLD,C29
NLD_C301,NLD,C301
NLD_C302T309,NLD,C302T309
NLD_C31T33,NLD,C31T33
NLD_D,NLD,D
NLD_E,NLD,E
NLD_F,NLD,F
NLD_G,NLD,G
NLD_H49,NLD,H49
NLD_H50,NLD,H50
NLD_H51,NLD,H51
NLD_H52,NLD,H52
NLD_H53,NLD,H53
NLD_I,NLD,I
NLD_J58T60,NLD,J58T60
NLD_J61,NLD,J61
NLD_J62_63,NLD,J62_63
NLD_K,NLD,K
NLD_L,NLD,L
NLD_M,NLD,M
NLD_N,NLD,N
NLD_O,NLD,O
NLD_P,NLD,P
NLD_Q,NLD,Q
NLD_R,NLD,R
NLD_S,NLD,S
NLD_T,NLD,T
NOR_A01,NOR,A01
NOR_A02,NOR,A02
NOR_A03,NOR,A03
NOR_B05,NOR,B05
NOR_B06,NOR,B06
NOR_B07,NOR,B07
NOR_B08,NOR,B08
NOR_B09,NOR,B09
NOR_C10T12,NOR,C10T12
NOR_C13T15,NOR,C13T15
NOR_C16,NOR,C16
NOR_C17_18,NOR,C17_18
NOR_C19,NOR,C19
NOR_C20,NOR,C20
NOR_C21,NOR,C21
NOR_C22,NOR,C22
NOR_C23,NOR,C23
NOR_C24A,NOR,C24A
NOR_C24B,NOR,C24B
NOR_C25,NOR,C25
NOR_C26,NOR,C26
NOR_C27,NOR,C27
NOR_C28,NOR,C28
NOR_C29,NOR,C29
NOR_C301,NOR,C301
NOR_C302T309,NOR,C302T309
NOR_C31T33,NOR,C31T33
NOR_D,NOR,D
NOR_E,NOR,E
NOR_F,NOR,F
NOR_G,NOR,G
NOR_H49,NOR,H49
NOR_H50,NOR,H50
NOR_H51,NOR,H51
NOR_H52,NOR,H52
NOR_H53,NOR,H53
NOR_I,NOR,I
NOR_J58T60,NOR,J58T60
NOR_J61,NOR,J61
NOR_J62_63,NOR,J62_63
NOR_K,NOR,K
NOR_L,NOR,L
NOR_M,NOR,M
NOR_N,NOR,N
NOR_O,NOR,O
NOR_P,NOR,P
NOR_Q,NOR,Q
NOR_R,NOR,R
NOR_S,NOR,S
NOR_T,NOR,T
NZL_A01,NZL,A01
NZL_A02,NZL,A02
NZL_A03,NZL,A03
NZL_B05,NZL,B05
NZL_B06,NZL,B06
NZL_B07,NZL,B07
NZL_B08,NZL,B08
NZL_B09,NZL,B09
NZL_C10T12,NZL,C10T12
NZL_C13T15,NZL,C13T15
NZL_C16,NZL,C16
NZL_C17_18,NZL,C17_18
NZL_C19,NZL,C19
NZL_C20,NZL,C20
NZL_C21,NZL,C21
NZL_C22,NZL,C22
NZL_C23,NZL,C23
NZL_C24A,NZL,C24A
NZL_C24B,NZL,C24B
NZL_C25,NZL,C25
NZL_C26,NZL,C26
NZL_C27,NZL,C27
NZL_C28,NZL,C28
NZL_C29,NZL,C29
NZL_C301,NZL,C301
NZL_C302T309,NZL,C302T309
NZL_C31T33,NZL,C31T33
NZL_D,NZL,D
NZL_E,NZL,E
NZL_F,NZL,F
NZL_G,NZL,G
NZL_H49,NZL,H49
NZL_H50,NZL,H50
NZL_H51,NZL,H51
NZL_H52,NZL,H52
NZL_H53,NZL,H53
NZL_I,NZL,I
NZL_J58T60,NZL,J58T60
NZL_J61,NZL,J61
NZL_J62_63,NZL,J62_63
NZL_K,NZL,K
NZL_L,NZL,L
NZL_M,NZL,M
NZL_N,NZL,N
NZL_O,NZL,O
NZL_P,NZL,P
NZL_Q,NZL,Q
NZL_R,NZL,R
NZL_S,NZL,S
NZL_T,NZL,T
PAK_A01,PAK,A01
PAK_A02,PAK,A02
PAK_A03,PAK,A03
PAK_B05,PAK,B05
PAK_B06,PAK,B06
PAK_B07,PAK,B07
PAK_B08,PAK,B08
PAK_B09,PAK,B09
PAK_C10T12,PAK,C10T12
PAK_C13T15,PAK,C13T15
PAK_C16,PAK,C16
PAK_C17_18,PAK,C17_18
PAK_C19,PAK,C19
PAK_C20,PAK,C20
PAK_C21,PAK,C21
PAK_C22,PAK,C22
PAK_C23,PAK,C23
PAK_C24A,PAK,C24A
PAK_C24B,PAK,C24B
PAK_C25,PAK,C25
PAK_C26,PAK,C26
PAK_C27,PAK,C27
PAK_C28,PAK,C28
PAK_C29,PAK,C29
PAK_C301,PAK,C301
PAK_C302T309,PAK,C302T309
PAK_C31T33,PAK,C31T33
PAK_D,PAK,D
PAK_E,PAK,E
PAK_F,PAK,F
PAK_G,PAK,G
PAK_H49,PAK,H49
PAK_H50,PAK,H50
PAK_H51,PAK,H51
PAK_H52,PAK,H52
PAK_H53,PAK,H53
PAK_I,PAK,I
PAK_J58T60,PAK,J58T60
PAK_J61,PAK,J61
PAK_J62_63,PAK,J62_63
PAK_K,PAK,K
PAK_L,PAK,L
PAK_M,PAK,M
PAK_N,PAK,N
PAK_O,PAK,O
PAK_P,PAK,P
PAK_Q,PAK,Q
PAK_R,PAK,R
PAK_S,PAK,S
PAK_T,PAK,T
PER_A01,PER,A01
PER_A02,PER,A02
PER_A03,PER,A03
PER_B05,PER,B05
PER_B06,PER,B06
PER_B07,PER,B07
PER_B08,PER,B08
PER_B09,PER,B09
PER_C10T12,PER,C10T12
PER_C13T15,PER,C13T15
PER_C16,PER,C16
PER_C17_18,PER,C17_18
PER_C19,PER,C19
PER_C20,PER,C20
PER_C21,PER,C21
PER_C22,PER,C22
PER_C23,PER,C23
PER_C24A,PER,C24A
PER_C24B,PER,C24B
PER_C25,PER,C25
PER_C26,PER,C26
PER_C27,PER,C27
PER_C28,PER,C28
PER_C29,PER,C29
PER_C301,PER,C301
PER_C302T309,PER,C302T309
PER_C31T33,PER,C31T33
PER_D,PER,D
PER_E,PER,E
PER_F,PER,F
PER_G,PER,G
PER_H49,PER,H49
PER_H50,PER,H50
PER_H51,PER,H51
PER_H52,PER,H52
PER_H53,PER,H53
PER_I,PER,I
PER_J58T60,PER,J58T60
PER_J61,PER,J61
PER_J62_63,PER,J62_63
PER_K,PER,K
PER_L,PER,L
PER_M,PER,M
PER_N,PER,N
PER_O,PER,O
PER_P,PER,P
PER_Q,PER,Q
PER_R,PER,R
PER_S,PER,S
PER_T,PER,T
PHL_A01,PHL,A01
PHL_A02,PHL,A02
PHL_A03,PHL,A03
PHL_B05,PHL,B05
PHL_B06,PHL,B06
PHL_B07,PHL,B07
PHL_B08,PHL,B08
PHL_B09,PHL,B09
PHL_C10T12,PHL,C10T12
PHL_C13T15,PHL,C13T15
PHL_C16,PHL,C16
PHL_C17_18,PHL,C17_18
PHL_C19,PHL,C19
PHL_C20,PHL,C20
PHL_C21,PHL,C21
PHL_C22,PHL,C22
PHL_C23,PHL,C23
PHL_C24A,PHL,C24A
PHL_C24B,PHL,C24B
PHL_C25,PHL,C25
PHL_C26,PHL,C26
PHL_C27,PHL,C27
PHL_C28,PHL,C28
PHL_C29,PHL,C29
PHL_C301,PHL,C301
PHL_C302T309,PHL,C302T309
PHL_C31T33,PHL,C31T33
PHL_D,PHL,D
PHL_E,PHL,E
PHL_F,PHL,F
PHL_G,PHL,G
PHL_H49,PHL,H49
PHL_H50,PHL,H50
PHL_H51,PHL,H51
PHL_H52,PHL,H52
PHL_H53,PHL,H53
PHL_I,PHL,I
PHL_J58T60,PHL,J58T60
PHL_J61,PHL,J61
PHL_J62_63,PHL,J62_63
PHL_K,PHL,K
PHL_L,PHL,L
PHL_M,PHL,M
PHL_N,PHL,N
PHL_O,PHL,O
PHL_P,PHL,P
PHL_Q,PHL,Q
PHL_R,PHL,R
PHL_S,PHL,S
PHL_T,PHL,T
POL_A01,POL,A01
POL_A02,POL,A02
POL_A03,POL,A03
POL_B05,POL,B05
POL_B06,POL,B06
POL_B07,POL,B07
POL_B08,POL,B08
POL_B09,POL,B09
POL_C10T12,POL,C10T12
POL_C13T15,POL,C13T15
POL_C16,POL,C16
POL_C17_18,POL,C17_18
POL_C19,POL,C19
POL_C20,POL,C20
POL_C21,POL,C21
POL_C22,POL,C22
POL_C23,POL,C23
POL_C24A,POL,C24A
POL_C24B,POL,C24B
POL_C25,POL,C25
POL_C26,POL,C26
POL_C27,POL,C27
POL_C28,POL,C28
POL_C29,POL,C29
POL_C301,POL,C301
POL_C302T309,POL,C302T309
POL_C31T33,POL,C31T33
POL_D,POL,D
POL_E,POL,E
POL_F,POL,F
POL_G,POL,G
POL_H49,POL,H49
POL_H50,POL,H50
POL_H51,POL,H51
POL_H52,POL,H52
POL_H53,POL,H53
POL_I,POL,I
POL_J58T60,POL,J58T60
POL_J61,POL,J61
POL_J62_63,POL,J62_63
POL_K,POL,K
POL_L,POL,L
POL_M,POL,M
POL_N,POL,N
POL_O,POL,O
POL_P,POL,P
POL_Q,POL,Q
POL_R,POL,R
POL_S,POL,S
POL_T,POL,T
PRT_A01,PRT,A01
PRT_A02,PRT,A02
PRT_A03,PRT,A03
PRT_B05,PRT,B05
PRT_B06,PRT,B06
PRT_B07,PRT,B07
PRT_B08,PRT,B08
PRT_B09,PRT,B09
PRT_C10T12,PRT,C10T12
PRT_C13T15,PRT,C13T15
PRT_C16,PRT,C16
PRT_C17_18,PRT,C17_18
PRT_C19,PRT,C19
PRT_C20,PRT,C20
PRT_C21,PRT,C21
PRT_C22,PRT,C22
PRT_C23,PRT,C23
PRT_C24A,PRT,C24A
PRT_C24B,PRT,C24B
PRT_C25,PRT,C25
PRT_C26,PRT,C26
PRT_C27,PRT,C27
PRT_C28,PRT,C28
PRT_C29,PRT,C29
PRT_C301,PRT,C301
PRT_C302T309,PRT,C302T309
PRT_C31T33,PRT,C31T33
PRT_D,PRT,D
PRT_E,PRT,E
PRT_F,PRT,F
PRT_G,PRT,G
PRT_H49,PRT,H49
PRT_H50,PRT,H50
PRT_H51,PRT,H51
PRT_H52,PRT,H52
PRT_H53,PRT,H53
PRT_I,PRT,I
PRT_J58T60,PRT,J58T60
PRT_J61,PRT,J61
PRT_J62_63,PRT,J62_63
PRT_K,PRT,K
PRT_L,PRT,L
PRT_M,PRT,M
PRT_N,PRT,N
PRT_O,PRT,O
PRT_P,PRT,P
PRT_Q,PRT,Q
PRT_R,PRT,R
PRT_S,PRT,S
PRT_T,PRT,T
ROU_A01,ROU,A01
ROU_A02,ROU,A02
ROU_A03,ROU,A03
ROU_B05,ROU,B05
ROU_B06,ROU,B06
ROU_B07,ROU,B07
ROU_B08,ROU,B08
ROU_B09,ROU,B09
ROU_C10T12,ROU,C10T12
ROU_C13T15,ROU,C13T15
ROU_C16,ROU,C16
ROU_C17_18,ROU,C17_18
ROU_C19,ROU,C19
ROU_C20,ROU,C20
ROU_C21,ROU,C21
ROU_C22,ROU,C22
ROU_C23,ROU,C23
ROU_C24A,ROU,C24A
ROU_C24B,ROU,C24B
ROU_C25,ROU,C25
ROU_C26,ROU,C26
ROU_C27,ROU,C27
ROU_C28,ROU,C28
ROU_C29,ROU,C29
ROU_C301,ROU,C301
ROU_C302T309,ROU,C302T309
ROU_C31T33,ROU,C31T33
ROU_D,ROU,D
ROU_E,ROU,E
ROU_F,ROU,F
ROU_G,ROU,G
ROU_H49,ROU,H49
ROU_H50,ROU,H50
ROU_H51,ROU,H51
ROU_H52,ROU,H52
ROU_H53,ROU,H53
ROU_I,ROU,I
ROU_J58T60,ROU,J58T60
ROU_J61,ROU,J61
ROU_J62_63,ROU,J62_63
ROU_K,ROU,K
ROU_L,ROU,L
ROU_M,ROU,M
ROU_N,ROU,N
ROU_O,ROU,O
ROU_P,ROU,P
ROU_Q,ROU,Q
ROU_R,ROU,R
ROU_S,ROU,S
ROU_T,ROU,T
RUS_A01,RUS,A01
RUS_A02,RUS,A02
RUS_A03,RUS,A03
RUS_B05,RUS,B05
RUS_B06,RUS,B06
RUS_B07,RUS,B07
RUS_B08,RUS,B08
RUS_B09,RUS,B09
RUS_C10T12,RUS,C10T12
RUS_C13T15,RUS,C13T15
RUS_C16,RUS,C16
RUS_C17_18,RUS,C17_18
RUS_C19,RUS,C19
RUS_C20,RUS,C20
RUS_C21,RUS,C21
RUS_C22,RUS,C22
RUS_C23,RUS,C23
RUS_C24A,RUS,C24A
RUS_C24B,RUS,C24B
RUS_C25,RUS,C25
RUS_C26,RUS,C26
RUS_C27,RUS,C27
RUS_C28,RUS,C28
RUS_C29,RUS,C29
RUS_C301,RUS,C301
RUS_C302T309,RUS,C302T309
RUS_C31T33,RUS,C31T33
RUS_D,RUS,D
RUS_E,RUS,E
RUS_F,RUS,F
RUS_G,RUS,G
RUS_H49,RUS,H49
RUS_H50,RUS,H50
RUS_H51,RUS,H51
RUS_H52,RUS,H52
RUS_H53,RUS,H53
RUS_I,RUS,I
RUS_J58T60,RUS,J58T60
RUS_J61,RUS,J61
RUS_J62_63,RUS,J62_63
RUS_K,RUS,K
RUS_L,RUS,L
RUS_M,RUS,M
RUS_N,RUS,N
RUS_O,RUS,O
RUS_P,RUS,P
RUS_Q,RUS,Q
RUS_R,RUS,R
RUS_S,RUS,S
RUS_T,RUS,T
SAU_A01,SAU,A01
SAU_A02,SAU,A02
SAU_A03,SAU,A03
SAU_B05,SAU,B05
SAU_B06,SAU,B06
SAU_B07,SAU,B07
SAU_B08,SAU,B08
SAU_B09,SAU,B09
SAU_C10T12,SAU,C10T12
SAU_C13T15,SAU,C13T15
SAU_C16,SAU,C16
SAU_C17_18,SAU,C17_18
SAU_C19,SAU,C19
SAU_C20,SAU,C20
SAU_C21,SAU,C21
SAU_C22,SAU,C22
SAU_C23,SAU,C23
SAU_C24A,SAU,C24A
SAU_C24B,SAU,C24B
SAU_C25,SAU,C25
SAU_C26,SAU,C26
SAU_C27,SAU,C27
SAU_C28,SAU,C28
SAU_C29,SAU,C29
SAU_C301,SAU,C301
SAU_C302T309,SAU,C302T309
SAU_C31T33,SAU,C31T33
SAU_D,SAU,D
SAU_E,SAU,E
SAU_F,SAU,F
SAU_G,SAU,G
SAU_H49,SAU,H49
SAU_H50,SAU,H50
SAU_H51,SAU,H51
SAU_H52,SAU,H52
SAU_H53,SAU,H53
SAU_I,SAU,I
SAU_J58T60,SAU,J58T60
SAU_J61,SAU,J61
SAU_J62_63,SAU,J62_63
SAU_K,SAU,K
SAU_L,SAU,L
SAU_M,SAU,M
SAU_N,SAU,N
SAU_O,SAU,O
SAU_P,SAU,P
SAU_Q,SAU,Q
SAU_R,SAU,R
SAU_S,SAU,S
SAU_T,SAU,T
SEN_A01,SEN,A01
SEN_A02,SEN,A02
SEN_A03,SEN,A03
SEN_B05,SEN,B05
SEN_B06,SEN,B06
SEN_B07,SEN,B07
SEN_B08,SEN,B08
SEN_B09,SEN,B09
SEN_C10T12,SEN,C10T12
SEN_C13T15,SEN,C13T15
SEN_C16,SEN,C16
SEN_C17_18,SEN,C17_18
SEN_C19,SEN,C19
SEN_C20,SEN,C20
SEN_C21,SEN,C21
SEN_C22,SEN,C22
SEN_C23,SEN,C23
SEN_C24A,SEN,C24A
SEN_C24B,SEN,C24B
SEN_C25,SEN,C25
SEN_C26,SEN,C26
SEN_C27,SEN,C27
SEN_C28,SEN,C28
SEN_C29,SEN,C29
SEN_C301,SEN,C301
SEN_C302T309,SEN,C302T309
SEN_C31T33,SEN,C31T33
SEN_D,SEN,D
SEN_E,SEN,E
SEN_F,SEN,F
SEN_G,SEN,G
SEN_H49,SEN,H49
SEN_H50,SEN,H50
SEN_H51,SEN,H51
SEN_H52,SEN,H52
SEN_H53,SEN,H53
SEN_I,SEN,I
SEN_J58T60,SEN,J58T60
SEN_J61,SEN,J61
SEN_J62_63,SEN,J62_63
SEN_K,SEN,K
SEN_L,SEN,L
SEN_M,SEN,M
SEN_N,SEN,N
SEN_O,SEN,O
SEN_P,SEN,P
SEN_Q,SEN,Q
SEN_R,SEN,R
SEN_S,SEN,S
SEN_T,SEN,T
SGP_A01,SGP,A01
SGP_A02,SGP,A02
SGP_A03,SGP,A03
SGP_B05,SGP,B05
SGP_B06,SGP,B06
SGP_B07,SGP,B07
SGP_B08,SGP,B08
SGP_B09,SGP,B09
SGP_C10T12,SGP,C10T12
SGP_C13T15,SGP,C13T15
SGP_C16,SGP,C16
SGP_C17_18,SGP,C17_18
SGP_C19,SGP,C19
SGP_C20,SGP,C20
SGP_C21,SGP,C21
SGP_C22,SGP,C22
SGP_C23,SGP,C23
SGP_C24A,SGP,C24A
SGP_C24B,SGP,C24B
SGP_C25,SGP,C25
SGP_C26,SGP,C26
SGP_C27,SGP,C27
SGP_C28,SGP,C28
SGP_C29,SGP,C29
SGP_C301,SGP,C301
SGP_C302T309,SGP,C302T309
SGP_C31T33,SGP,C31T33
SGP_D,SGP,D
SGP_E,SGP,E
SGP_F,SGP,F
SGP_G,SGP,G
SGP_H49,SGP,H49
SGP_H50,SGP,H50
SGP_H51,SGP,H51
SGP_H52,SGP,H52
SGP_H53,SGP,H53
SGP_I,SGP,I
SGP_J58T60,SGP,J58T60
SGP_J61,SGP,J61
SGP_J62_63,SGP,J62_63
SGP_K,SGP,K
SGP_L,SGP,L
SGP_M,SGP,M
SGP_N,SGP,N
SGP_O,SGP,O
SGP_P,SGP,P
SGP_Q,SGP,Q
SGP_R,SGP,R
SGP_S,SGP,S
SGP_T,SGP,T
STP_A01,STP,A01
STP_A02,STP,A02
STP_A03,STP,A03
STP_B05,STP,B05
STP_B06,STP,B06
STP_B07,STP,B07
STP_B08,STP,B08
STP_B09,STP,B09
STP_C10T12,STP,C10T12
STP_C13T15,STP,C13T15
STP_C16,STP,C16
STP_C17_18,STP,C17_18
STP_C19,STP,C19
STP_C20,STP,C20
STP_C21,STP,C21
STP_C22,STP,C22
STP_C23,STP,C23
STP_C24A,STP,C24A
STP_C24B,STP,C24B
STP_C25,STP,C25
STP_C26,STP,C26
STP_C27,STP,C27
STP_C28,STP,C28
STP_C29,STP,C29
STP_C301,STP,C301
STP_C302T309,STP,C302T309
STP_C31T33,STP,C31T33
STP_D,STP,D
STP_E,STP,E
STP_F,STP,F
STP_G,STP,G
STP_H49,STP,H49
STP_H50,STP,H50
STP_H51,STP,H51
STP_H52,STP,H52
STP_H53,STP,H53
STP_I,STP,I
STP_J58T60,STP,J58T60
STP_J61,STP,J61
STP_J62_63,STP,J62_63
STP_K,STP,K
STP_L,STP,L
STP_M,STP,M
STP_N,STP,N
STP_O,STP,O
STP_P,STP,P
STP_Q,STP,Q
STP_R,STP,R
STP_S,STP,S
STP_T,STP,T
SVK_A01,SVK,A01
SVK_A02,SVK,A02
SVK_A03,SVK,A03
SVK_B05,SVK,B05
SVK_B06,SVK,B06
SVK_B07,SVK,B07
SVK_B08,SVK,B08
SVK_B09,SVK,B09
SVK_C10T12,SVK,C10T12
SVK_C13T15,SVK,C13T15
SVK_C16,SVK,C16
SVK_C17_18,SVK,C17_18
SVK_C19,SVK,C19
SVK_C20,SVK,C20
SVK_C21,SVK,C21
SVK_C22,SVK,C22
SVK_C23,SVK,C23
SVK_C24A,SVK,C24A
SVK_C24B,SVK,C24B
SVK_C25,SVK,C25
SVK_C26,SVK,C26
SVK_C27,SVK,C27
SVK_C28,SVK,C28
SVK_C29,SVK,C29
SVK_C301,SVK,C301
SVK_C302T309,SVK,C302T309
SVK_C31T33,SVK,C31T33
SVK_D,SVK,D
SVK_E,SVK,E
SVK_F,SVK,F
SVK_G,SVK,G
SVK_H49,SVK,H49
SVK_H50,SVK,H50
SVK_H51,SVK,H51
SVK_H52,SVK,H52
SVK_H53,SVK,H53
SVK_I,SVK,I
SVK_J58T60,SVK,J58T60
SVK_J61,SVK,J61
SVK_J62_63,SVK,J62_63
SVK_K,SVK,K
SVK_L,SVK,L
SVK_M,SVK,M
SVK_N,SVK,N
SVK_O,SVK,O
SVK_P,SVK,P
SVK_Q,SVK,Q
SVK_R,SVK,R
SVK_S,SVK,S
SVK_T,SVK,T
SVN_A01,SVN,A01
SVN_A02,SVN,A02
SVN_A03,SVN,A03
SVN_B05,SVN,B05
SVN_B06,SVN,B06
SVN_B07,SVN,B07
SVN_B08,SVN,B08
SVN_B09,SVN,B09
SVN_C10T12,SVN,C10T12
SVN_C13T15,SVN,C13T15
SVN_C16,SVN,C16
SVN_C17_18,SVN,C17_18
SVN_C19,SVN,C19
SVN_C20,SVN,C20
SVN_C21,SVN,C21
SVN_C22,SVN,C22
SVN_C23,SVN,C23
SVN_C24A,SVN,C24A
SVN_C24B,SVN,C24B
SVN_C25,SVN,C25
SVN_C26,SVN,C26
SVN_C27,SVN,C27
SVN_C28,SVN,C28
SVN_C29,SVN,C29
SVN_C301,SVN,C301
SVN_C302T309,SVN,C302T309
SVN_C31T33,SVN,C31T33
SVN_D,SVN,D
SVN_E,SVN,E
SVN_F,SVN,F
SVN_G,SVN,G
SVN_H49,SVN,H49
SVN_H50,SVN,H50
SVN_H51,SVN,H51
SVN_H52,SVN,H52
SVN_H53,SVN,H53
SVN_I,SVN,I
SVN_J58T60,SVN,J58T60
SVN_J61,SVN,J61
SVN_J62_63,SVN,J62_63
SVN_K,SVN,K
SVN_L,SVN,L
SVN_M,SVN,M
SVN_N,SVN,N
SVN_O,SVN,O
SVN_P,SVN,P
SVN_Q,SVN,Q
SVN_R,SVN,R
SVN_S,SVN,S
SVN_T,SVN,T
SWE_A01,SWE,A01
SWE_A02,SWE,A02
SWE_A03,SWE,A03
SWE_B05,SWE,B05
SWE_B06,SWE,B06
SWE_B07,SWE,B07
SWE_B08,SWE,B08
SWE_B09,SWE,B09
SWE_C10T12,SWE,C10T12
SWE_C13T15,SWE,C13T15
SWE_C16,SWE,C16
SWE_C17_18,SWE,C17_18
SWE_C19,SWE,C19
SWE_C20,SWE,C20
SWE_C21,SWE,C21
SWE_C22,SWE,C22
SWE_C23,SWE,C23
SWE_C24A,SWE,C24A
SWE_C24B,SWE,C24B
SWE_C25,SWE,C25
SWE_C26,SWE,C26
SWE_C27,SWE,C27
SWE_C28,SWE,C28
SWE_C29,SWE,C29
SWE_C301,SWE,C301
SWE_C302T309,SWE,C302T309
SWE_C31T33,SWE,C31T33
SWE_D,SWE,D
SWE_E,SWE,E
SWE_F,SWE,F
SWE_G,SWE,G
SWE_H49,SWE,H49
SWE_H50,SWE,H50
SWE_H51,SWE,H51
SWE_H52,SWE,H52
SWE_H53,SWE,H53
SWE_I,SWE,I
SWE_J58T60,SWE,J58T60
SWE_J61,SWE,J61
SWE_J62_63,SWE,J62_63
SWE_K,SWE,K
SWE_L,SWE,L
SWE_M,SWE,M
SWE_N,SWE,N
SWE_O,SWE,O
SWE_P,SWE,P
SWE_Q,SWE,Q
SWE_R,SWE,R
SWE_S,SWE,S
SWE_T,SWE,T
THA_A01,THA,A01
THA_A02,THA,A02
THA_A03,THA,A03
THA_B05,THA,B05
THA_B06,THA,B06
THA_B07,THA,B07
THA_B08,THA,B08
THA_B09,THA,B09
THA_C10T12,THA,C10T12
THA_C13T15,THA,C13T15
THA_C16,THA,C16
THA_C17_18,THA,C17_18
THA_C19,THA,C19
THA_C20,THA,C20
THA_C21,THA,C21
THA_C22,THA,C22
THA_C23,THA,C23
THA_C24A,THA,C24A
THA_C24B,THA,C24B
THA_C25,THA,C25
THA_C26,THA,C26
THA_C27,THA,C27
THA_C28,THA,C28
THA_C29,THA,C29
THA_C301,THA,C301
THA_C302T309,THA,C302T309
THA_C31T33,THA,C31T33
THA_D,THA,D
THA_E,THA,E
THA_F,THA,F
THA_G,THA,G
THA_H49,THA,H49
THA_H50,THA,H50
THA_H51,THA,H51
THA_H52,THA,H52
THA_H53,THA,H53
THA_I,THA,I
THA_J58T60,THA,J58T60
THA_J61,THA,J61
THA_J62_63,THA,J62_63
THA_K,THA,K
THA_L,THA,L
THA_M,THA,M
THA_N,THA,N
THA_O,THA,O
THA_P,THA,P
THA_Q,THA,Q
THA_R,THA,R
THA_S,THA,S
THA_T,THA,T
TUN_A01,TUN,A01
TUN_A02,TUN,A02
TUN_A03,TUN,A03
TUN_B05,TUN,B05
TUN_B06,TUN,B06
TUN_B07,TUN,B07
TUN_B08,TUN,B08
TUN_B09,TUN,B09
TUN_C10T12,TUN,C10T12
TUN_C13T15,TUN,C13T15
TUN_C16,TUN,C16
TUN_C17_18,TUN,C17_18
TUN_C19,TUN,C19
TUN_C20,TUN,C20
TUN_C21,TUN,C21
TUN_C22,TUN,C22
TUN_C23,TUN,C23
TUN_C24A,TUN,C24A
TUN_C24B,TUN,C24B
TUN_C25,TUN,C25
TUN_C26,TUN,C26
TUN_C27,TUN,C27
TUN_C28,TUN,C28
TUN_C29,TUN,C29
TUN_C301,TUN,C301
TUN_C302T309,TUN,C302T309
TUN_C31T33,TUN,C31T33
TUN_D,TUN,D
TUN_E,TUN,E
TUN_F,TUN,F
TUN_G,TUN,G
TUN_H49,TUN,H49
TUN_H50,TUN,H50
TUN_H51,TUN,H51
TUN_H52,TUN,H52
TUN_H53,TUN,H53
TUN_I,TUN,I
TUN_J58T60,TUN,J58T60
TUN_J61,TUN,J61
TUN_J62_63,TUN,J62_63
TUN_K,TUN,K
TUN_L,TUN,L
TUN_M,TUN,M
TUN_N,TUN,N
TUN_O,TUN,O
TUN_P,TUN,P
TUN_Q,TUN,Q
TUN_R,TUN,R
TUN_S,TUN,S
TUN_T,TUN,T
TUR_A01,TUR,A01
TUR_A02,TUR,A02
TUR_A03,TUR,A03
TUR_B05,TUR,B05
TUR_B06,TUR,B06
TUR_B07,TUR,B07
TUR_B08,TUR,B08
TUR_B09,TUR,B09
TUR_C10T12,TUR,C10T12
TUR_C13T15,TUR,C13T15
TUR_C16,TUR,C16
TUR_C17_18,TUR,C17_18
TUR_C19,TUR,C19
TUR_C20,TUR,C20
TUR_C21,TUR,C21
TUR_C22,TUR,C22
TUR_C23,TUR,C23
TUR_C24A,TUR,C24A
TUR_C24B,TUR,C24B
TUR_C25,TUR,C25
TUR_C26,TUR,C26
TUR_C27,TUR,C27
TUR_C28,TUR,C28
TUR_C29,TUR,C29
TUR_C301,TUR,C301
TUR_C302T309,TUR,C302T309
TUR_C31T33,TUR,C31T33
TUR_D,TUR,D
TUR_E,TUR,E
TUR_F,TUR,F
TUR_G,TUR,G
TUR_H49,TUR,H49
TUR_H50,TUR,H50
TUR_H51,TUR,H51
TUR_H52,TUR,H52
TUR_H53,TUR,H53
TUR_I,TUR,I
TUR_J58T60,TUR,J58T60
TUR_J61,TUR,J61
TUR_J62_63,TUR,J62_63
TUR_K,TUR,K
TUR_L,TUR,L
TUR_M,TUR,M
TUR_N,TUR,N
TUR_O,TUR,O
TUR_P,TUR,P
TUR_Q,TUR,Q
TUR_R,TUR,R
TUR_S,TUR,S
TUR_T,TUR,T
TWN_A01,TWN,A01
TWN_A02,TWN,A02
TWN_A03,TWN,A03
TWN_B05,TWN,B05
TWN_B06,TWN,B06
TWN_B07,TWN,B07
TWN_B08,TWN,B08
TWN_B09,TWN,B09
TWN_C10T12,TWN,C10T12
TWN_C13T15,TWN,C13T15
TWN_C16,TWN,C16
TWN_C17_18,TWN,C17_18
TWN_C19,TWN,C19
TWN_C20,TWN,C20
TWN_C21,TWN,C21
TWN_C22,TWN,C22
TWN_C23,TWN,C23
TWN_C24A,TWN,C24A
TWN_C24B,TWN,C24B
TWN_C25,TWN,C25
TWN_C26,TWN,C26
TWN_C27,TWN,C27
TWN_C28,TWN,C28
TWN_C29,TWN,C29
TWN_C301,TWN,C301
TWN_C302T309,TWN,C302T309
TWN_C31T33,TWN,C31T33
TWN_D,TWN,D
TWN_E,TWN,E
TWN_F,TWN,F
TWN_G,TWN,G
TWN_H49,TWN,H49
TWN_H50,TWN,H50
TWN_H51,TWN,H51
TWN_H52,TWN,H52
TWN_H53,TWN,H53
TWN_I,TWN,I
TWN_J58T60,TWN,J58T60
TWN_J61,TWN,J61
TWN_J62_63,TWN,J62_63
TWN_K,TWN,K
TWN_L,TWN,L
TWN_M,TWN,M
TWN_N,TWN,N
TWN_O,TWN,O
TWN_P,TWN,P
TWN_Q,TWN,Q
TWN_R,TWN,R
TWN_S,TWN,S
TWN_T,TWN,T
UKR_A01,UKR,A01
UKR_A02,UKR,A02
UKR_A03,UKR,A03
UKR_B05,UKR,B05
UKR_B06,UKR,B06
UKR_B07,UKR,B07
UKR_B08,UKR,B08
UKR_B09,UKR,B09
UKR_C10T12,UKR,C10T12
UKR_C13T15,UKR,C13T15
UKR_C16,UKR,C16
UKR_C17_18,UKR,C17_18
UKR_C19,UKR,C19
UKR_C20,UKR,C20
UKR_C21,UKR,C21
UKR_C22,UKR,C22
UKR_C23,UKR,C23
UKR_C24A,UKR,C24A
UKR_C24B,UKR,C24B
UKR_C25,UKR,C25
UKR_C26,UKR,C26
UKR_C27,UKR,C27
UKR_C28,UKR,C28
UKR_C29,UKR,C29
UKR_C301,UKR,C301
UKR_C302T309,UKR,C302T309
UKR_C31T33,UKR,C31T33
UKR_D,UKR,D
UKR_E,UKR,E
UKR_F,UKR,F
UKR_G,UKR,G
UKR_H49,UKR,H49
UKR_H50,UKR,H50
UKR_H51,UKR,H51
UKR_H52,UKR,H52
UKR_H53,UKR,H53
UKR_I,UKR,I
UKR_J58T60,UKR,J58T60
UKR_J61,UKR,J61
UKR_J62_63,UKR,J62_63
UKR_K,UKR,K
UKR_L,UKR,L
UKR_M,UKR,M
UKR_N,UKR,N
UKR_O,UKR,O
UKR_P,UKR,P
UKR_Q,UKR,Q
UKR_R,UKR,R
UKR_S,UKR,S
UKR_T,UKR,T
USA_A01,USA,A01
USA_A02,USA,A02
USA_A03,USA,A03
USA_B05,USA,B05
USA_B06,USA,B06
USA_B07,USA,B07
USA_B08,USA,B08
USA_B09,USA,B09
USA_C10T12,USA,C10T12
USA_C13T15,USA,C13T15
USA_C16,USA,C16
USA_C17_18,USA,C17_18
USA_C19,USA,C19
USA_C20,USA,C20
USA_C21,USA,C21
USA_C22,USA,C22
USA_C23,USA,C23
USA_C24A,USA,C24A
USA_C24B,USA,C24B
USA_C25,USA,C25
USA_C26,USA,C26
USA_C27,USA,C27
USA_C28,USA,C28
USA_C29,USA,C29
USA_C301,USA,C301
USA_C302T309,USA,C302T309
USA_C31T33,USA,C31T33
USA_D,USA,D
USA_E,USA,E
USA_F,USA,F
USA_G,USA,G
USA_H49,USA,H49
USA_H50,USA,H50
USA_H51,USA,H51
USA_H52,USA,H52
USA_H53,USA,H53
USA_I,USA,I
USA_J58T60,USA,J58T60
USA_J61,USA,J61
USA_J62_63,USA,J62_63
USA_K,USA,K
USA_L,USA,L
USA_M,USA,M
USA_N,USA,N
USA_O,USA,O
USA_P,USA,P
USA_Q,USA,Q
USA_R,USA,R
USA_S,USA,S
USA_T,USA,T
VNM_A01,VNM,A01
VNM_A02,VNM,A02
VNM_A03,VNM,A03
VNM_B05,VNM,B05
VNM_B06,VNM,B06
VNM_B07,VNM,B07
VNM_B08,VNM,B08
VNM_B09,VNM,B09
VNM_C10T12,VNM,C10T12
VNM_C13T15,VNM,C13T15
VNM_C16,VNM,C16
VNM_C17_18,VNM,C17_18
VNM_C19,VNM,C19
VNM_C20,VNM,C20
VNM_C21,VNM,C21
VNM_C22,VNM,C22
VNM_C23,VNM,C23
VNM_C24A,VNM,C24A
VNM_C24B,VNM,C24B
VNM_C25,VNM,C25
VNM_C26,VNM,C26
VNM_C27,VNM,C27
VNM_C28,VNM,C28
VNM_C29,VNM,C29
VNM_C301,VNM,C301
VNM_C302T309,VNM,C302T309
VNM_C31T33,VNM,C31T33
VNM_D,VNM,D
VNM_E,VNM,E
VNM_F,VNM,F
VNM_G,VNM,G
VNM_H49,VNM,H49
VNM_H50,VNM,H50
VNM_H51,VNM,H51
VNM_H52,VNM,H52
VNM_H53,VNM,H53
VNM_I,VNM,I
VNM_J58T60,VNM,J58T60
VNM_J61,VNM,J61
VNM_J62_63,VNM,J62_63
VNM_K,VNM,K
VNM_L,VNM,L
VNM_M,VNM,M
VNM_N,VNM,N
VNM_O,VNM,O
VNM_P,VNM,P
VNM_Q,VNM,Q
VNM_R,VNM,R
VNM_S,VNM,S
VNM_T,VNM,T
ZAF_A01,ZAF,A01
ZAF_A02,ZAF,A02
ZAF_A03,ZAF,A03
ZAF_B05,ZAF,B05
ZAF_B06,ZAF,B06
ZAF_B07,ZAF,B07
ZAF_B08,ZAF,B08
ZAF_B09,ZAF,B09
ZAF_C10T12,ZAF,C10T12
ZAF_C13T15,ZAF,C13T15
ZAF_C16,ZAF,C16
ZAF_C17_18,ZAF,C17_18
ZAF_C19,ZAF,C19
ZAF_C20,ZAF,C20
ZAF_C21,ZAF,C21
ZAF_C22,ZAF,C22
ZAF_C23,ZAF,C23
ZAF_C24A,ZAF,C24A
ZAF_C24B,ZAF,C24B
ZAF_C25,ZAF,C25
ZAF_C26,ZAF,C26
ZAF_C27,ZAF,C27
ZAF_C28,ZAF,C28
ZAF_C29,ZAF,C29
ZAF_C301,ZAF,C301
ZAF_C302T309,ZAF,C302T309
ZAF_C31T33,ZAF,C31T33
ZAF_D,ZAF,D
ZAF_E,ZAF,E
ZAF_F,ZAF,F
ZAF_G,ZAF,G
ZAF_H49,ZAF,H49
ZAF_H50,ZAF,H50
ZAF_H51,ZAF,H51
ZAF_H52,ZAF,H52
ZAF_H53,ZAF,H53
ZAF_I,ZAF,I
ZAF_J58T60,ZAF,J58T60
ZAF_J61,ZAF,J61
ZAF_J62_63,ZAF,J62_63
ZAF_K,ZAF,K
ZAF_L,ZAF,L
ZAF_M,ZAF,M
ZAF_N,ZAF,N
ZAF_O,ZAF,O
ZAF_P,ZAF,P
ZAF_Q,ZAF,Q
ZAF_R,ZAF,R
ZAF_S,ZAF,S
ZAF_T,ZAF,T
ROW_A01,ROW,A01
ROW_A02,ROW,A02
ROW_A03,ROW,A03
ROW_B05,ROW,B05
ROW_B06,ROW,B06
ROW_B07,ROW,B07
ROW_B08,ROW,B08
ROW_B09,ROW,B09
ROW_C10T12,ROW,C10T12
ROW_C13T15,ROW,C13T15
ROW_C16,ROW,C16
ROW_C17_18,ROW,C17_18
ROW_C19,ROW,C19
ROW_C20,ROW,C20
ROW_C21,ROW,C21
ROW_C22,ROW,C22
ROW_C23,ROW,C23
ROW_C24A,ROW,C24A
ROW_C24B,ROW,C24B
ROW_C25,ROW,C25
ROW_C26,ROW,C26
ROW_C27,ROW,C27
ROW_C28,ROW,C28
ROW_C29,ROW,C29
ROW_C301,ROW,C301
ROW_C302T309,ROW,C302T309
ROW_C31T33,ROW,C31T33
ROW_D,ROW,D
ROW_E,ROW,E
ROW_F,ROW,F
ROW_G,ROW,G
ROW_H49,ROW,H49
ROW_H50,ROW,H50
ROW_H51,ROW,H51
ROW_H52,ROW,H52
ROW_H53,ROW,H53
ROW_I,ROW,I
ROW_J58T60,ROW,J58T60
ROW_J61,ROW,J61
ROW_J62_63,ROW,J62_63
ROW_K,ROW,K
ROW_L,ROW,L
ROW_M,ROW,M
ROW_N,ROW,N
ROW_O,ROW,O
ROW_P,ROW,P
ROW_Q,ROW,Q
ROW_R,ROW,R
ROW_S,ROW,S
ROW_T,ROW,T
